# rank	legacy	wide	full
23660	4f4ef9937b8483f69e4322a163dfe3b7	b4a3766d22786f9ed577ce3cfa97b6e8	620b399fa41b97b5678583f98b5756bd
23661	4f4ef9937b8483f69e4322a163dfe3b7	b4a3766d22786f9ed577ce3cfa97b6e8	620b399fa41b97b5678583f98b5756bd
23662	4f4ef9937b8483f69e4322a163dfe3b7	b4a3766d22786f9ed577ce3cfa97b6e8	620b399fa41b97b5678583f98b5756bd
23663	4f4ef9937b8483f69e4322a163dfe3b7	b4a3766d22786f9ed577ce3cfa97b6e8	620b399fa41b97b5678583f98b5756bd
23664	a437f964edd0f9de24583e8dac00bce5	557ba4707a528e757ffcaa353c9f5595	061c118ea7e5bae766cb47795c945e85
23665	a437f964edd0f9de24583e8dac00bce5	557ba4707a528e757ffcaa353c9f5595	061c118ea7e5bae766cb47795c945e85
23666	a437f964edd0f9de24583e8dac00bce5	557ba4707a528e757ffcaa353c9f5595	061c118ea7e5bae766cb47795c945e85
23667	4c50a276acb28ec46de338ea09fe156d	ba49136aa51585c2d18fb36080c43f30	21056f905057a39607b0adf95945d945
23668	4c50a276acb28ec46de338ea09fe156d	ba49136aa51585c2d18fb36080c43f30	21056f905057a39607b0adf95945d945
23669	efafef2bf734fc91baa48fd364d0a86c	124e3beaca33307c9d9ed74006fcdc19	3775576bbe957e6c8e334aa690b21c62
23670	efafef2bf734fc91baa48fd364d0a86c	124e3beaca33307c9d9ed74006fcdc19	3775576bbe957e6c8e334aa690b21c62
23671	efafef2bf734fc91baa48fd364d0a86c	124e3beaca33307c9d9ed74006fcdc19	3775576bbe957e6c8e334aa690b21c62
23672	efafef2bf734fc91baa48fd364d0a86c	124e3beaca33307c9d9ed74006fcdc19	3775576bbe957e6c8e334aa690b21c62
23673	efafef2bf734fc91baa48fd364d0a86c	124e3beaca33307c9d9ed74006fcdc19	3775576bbe957e6c8e334aa690b21c62
23674	efafef2bf734fc91baa48fd364d0a86c	124e3beaca33307c9d9ed74006fcdc19	3775576bbe957e6c8e334aa690b21c62
23675	efafef2bf734fc91baa48fd364d0a86c	124e3beaca33307c9d9ed74006fcdc19	3775576bbe957e6c8e334aa690b21c62
23676	871d2ad2e8c57d5fd6b545d9c9cac171	83a23ba2dd780115fc52b814a9623e8d	578b558cc49036509e0536150b02f710
23677	871d2ad2e8c57d5fd6b545d9c9cac171	83a23ba2dd780115fc52b814a9623e8d	578b558cc49036509e0536150b02f710
23678	871d2ad2e8c57d5fd6b545d9c9cac171	83a23ba2dd780115fc52b814a9623e8d	578b558cc49036509e0536150b02f710
23679	871d2ad2e8c57d5fd6b545d9c9cac171	83a23ba2dd780115fc52b814a9623e8d	578b558cc49036509e0536150b02f710
23680	871d2ad2e8c57d5fd6b545d9c9cac171	83a23ba2dd780115fc52b814a9623e8d	578b558cc49036509e0536150b02f710
23681	5690a10cb4bbbadf27a5e0b4e38e10e6	9a1eaceb5254644db9437bacc178db09	41df0547da14458e642cf986bf410b1e
23682	5690a10cb4bbbadf27a5e0b4e38e10e6	9a1eaceb5254644db9437bacc178db09	41df0547da14458e642cf986bf410b1e
23683	5690a10cb4bbbadf27a5e0b4e38e10e6	9a1eaceb5254644db9437bacc178db09	41df0547da14458e642cf986bf410b1e
23684	5690a10cb4bbbadf27a5e0b4e38e10e6	9a1eaceb5254644db9437bacc178db09	41df0547da14458e642cf986bf410b1e
23685	5690a10cb4bbbadf27a5e0b4e38e10e6	9a1eaceb5254644db9437bacc178db09	41df0547da14458e642cf986bf410b1e
23686	5690a10cb4bbbadf27a5e0b4e38e10e6	9a1eaceb5254644db9437bacc178db09	41df0547da14458e642cf986bf410b1e
23687	5690a10cb4bbbadf27a5e0b4e38e10e6	9a1eaceb5254644db9437bacc178db09	41df0547da14458e642cf986bf410b1e
23688	3994f6cbe362b71c6c35732540a1acc2	b9f4a5ce3df8c2024dbcb32f06742bf8	9007916f8e1d59ef8c37c5f8ea106198
23689	3994f6cbe362b71c6c35732540a1acc2	b9f4a5ce3df8c2024dbcb32f06742bf8	9007916f8e1d59ef8c37c5f8ea106198
23690	3994f6cbe362b71c6c35732540a1acc2	b9f4a5ce3df8c2024dbcb32f06742bf8	9007916f8e1d59ef8c37c5f8ea106198
23691	3994f6cbe362b71c6c35732540a1acc2	b9f4a5ce3df8c2024dbcb32f06742bf8	9007916f8e1d59ef8c37c5f8ea106198
23692	3994f6cbe362b71c6c35732540a1acc2	b9f4a5ce3df8c2024dbcb32f06742bf8	9007916f8e1d59ef8c37c5f8ea106198
23693	3994f6cbe362b71c6c35732540a1acc2	b9f4a5ce3df8c2024dbcb32f06742bf8	9007916f8e1d59ef8c37c5f8ea106198
23694	3994f6cbe362b71c6c35732540a1acc2	b9f4a5ce3df8c2024dbcb32f06742bf8	9007916f8e1d59ef8c37c5f8ea106198
23695	3994f6cbe362b71c6c35732540a1acc2	b9f4a5ce3df8c2024dbcb32f06742bf8	9007916f8e1d59ef8c37c5f8ea106198
23696	3994f6cbe362b71c6c35732540a1acc2	b9f4a5ce3df8c2024dbcb32f06742bf8	9007916f8e1d59ef8c37c5f8ea106198
23697	3994f6cbe362b71c6c35732540a1acc2	b9f4a5ce3df8c2024dbcb32f06742bf8	9007916f8e1d59ef8c37c5f8ea106198
23698	1b1921749139d683ee36f25d11358ea8	f682fce55619de508f2a4339de832f97	46f4a4cb5f9e5a04b4d41d75f4ac42c1
23699	1b1921749139d683ee36f25d11358ea8	f682fce55619de508f2a4339de832f97	46f4a4cb5f9e5a04b4d41d75f4ac42c1
23700	1b1921749139d683ee36f25d11358ea8	f682fce55619de508f2a4339de832f97	46f4a4cb5f9e5a04b4d41d75f4ac42c1
23701	34a02e9450a62f12fd7ddfed1f9a3eae	b8ae0391e976b3c9d5428e5007aa3265	ab3b9b1270cd6f30e89f6c698419b445
23702	34a02e9450a62f12fd7ddfed1f9a3eae	b8ae0391e976b3c9d5428e5007aa3265	ab3b9b1270cd6f30e89f6c698419b445
23703	20856e45c989ca9c86b87657ba461c7d	77e7feaa97d7558141e5746abc1a25da	51d1c3620c2d6767c2e68aa335f25b67
23704	074f3638f7bed048dd92ce5a0d15bd3f	2290173a3cacdae337bbcae5c80b46b0	780e207e4e85dc18d4637d651a3ade2e
23705	848cefbcab33267f0a7eee8157c2a6b1	cd80ed69d758c9df6fc28698e362f9f5	d3152ca983e3ddcc799aff719fa2679c
23706	848cefbcab33267f0a7eee8157c2a6b1	cd80ed69d758c9df6fc28698e362f9f5	d3152ca983e3ddcc799aff719fa2679c
23707	848cefbcab33267f0a7eee8157c2a6b1	cd80ed69d758c9df6fc28698e362f9f5	d3152ca983e3ddcc799aff719fa2679c
23708	848cefbcab33267f0a7eee8157c2a6b1	cd80ed69d758c9df6fc28698e362f9f5	d3152ca983e3ddcc799aff719fa2679c
23709	848cefbcab33267f0a7eee8157c2a6b1	cd80ed69d758c9df6fc28698e362f9f5	d3152ca983e3ddcc799aff719fa2679c
23710	7d7ac9b6f2fa8b25dd44c60002f42716	5e7dac7147ed22226e2bfa8ba0fbcb48	de29e1c0f226e0b80ad93546d549bea8
23711	7d7ac9b6f2fa8b25dd44c60002f42716	5e7dac7147ed22226e2bfa8ba0fbcb48	de29e1c0f226e0b80ad93546d549bea8
23712	7d7ac9b6f2fa8b25dd44c60002f42716	5e7dac7147ed22226e2bfa8ba0fbcb48	de29e1c0f226e0b80ad93546d549bea8
23713	7d7ac9b6f2fa8b25dd44c60002f42716	5e7dac7147ed22226e2bfa8ba0fbcb48	de29e1c0f226e0b80ad93546d549bea8
23714	7d7ac9b6f2fa8b25dd44c60002f42716	5e7dac7147ed22226e2bfa8ba0fbcb48	de29e1c0f226e0b80ad93546d549bea8
23715	7d7ac9b6f2fa8b25dd44c60002f42716	5e7dac7147ed22226e2bfa8ba0fbcb48	de29e1c0f226e0b80ad93546d549bea8
23716	7d7ac9b6f2fa8b25dd44c60002f42716	5e7dac7147ed22226e2bfa8ba0fbcb48	de29e1c0f226e0b80ad93546d549bea8
23717	b3a8a0f7c6f64bb5c79278224bdf6935	93656e33881a1edf5b25310a4e93fedc	b42cd866bc93ee06bfa70a472b791341
23718	79ac42deefc1659a34faed6c4f0fef90	4ea706ae47722bd03922106d5726bf6b	2201816b4610724f1420be034fb32617
23719	79ac42deefc1659a34faed6c4f0fef90	4ea706ae47722bd03922106d5726bf6b	2201816b4610724f1420be034fb32617
23720	b3a8a0f7c6f64bb5c79278224bdf6935	93656e33881a1edf5b25310a4e93fedc	b42cd866bc93ee06bfa70a472b791341
23721	b3a8a0f7c6f64bb5c79278224bdf6935	93656e33881a1edf5b25310a4e93fedc	b42cd866bc93ee06bfa70a472b791341
23722	b3a8a0f7c6f64bb5c79278224bdf6935	93656e33881a1edf5b25310a4e93fedc	b42cd866bc93ee06bfa70a472b791341
23723	b3a8a0f7c6f64bb5c79278224bdf6935	93656e33881a1edf5b25310a4e93fedc	b42cd866bc93ee06bfa70a472b791341
23724	b3a8a0f7c6f64bb5c79278224bdf6935	93656e33881a1edf5b25310a4e93fedc	b42cd866bc93ee06bfa70a472b791341
23725	7a35bd93decb5c81d4420ad35186ec07	30c690ffc6516901c175de07b94a232f	33b0d3fdc537ca1242d197e9cb816138
23726	f7abbaff926ac3e8fcd43737fa3b3b03	658ad276a0f524ae10ee241338fe3b8e	cbdee25bf9f387bc074184b19235f359
23727	c7216e6f5a47cbb541d1702325bf0da6	a34169df965b56fee6ce61021faac688	b23ec93b09295f7c01a1734e9c26c848
23728	c7216e6f5a47cbb541d1702325bf0da6	a34169df965b56fee6ce61021faac688	b23ec93b09295f7c01a1734e9c26c848
23729	c7216e6f5a47cbb541d1702325bf0da6	a34169df965b56fee6ce61021faac688	b23ec93b09295f7c01a1734e9c26c848
23730	c7216e6f5a47cbb541d1702325bf0da6	a34169df965b56fee6ce61021faac688	b23ec93b09295f7c01a1734e9c26c848
23731	c7216e6f5a47cbb541d1702325bf0da6	a34169df965b56fee6ce61021faac688	b23ec93b09295f7c01a1734e9c26c848
23732	c7216e6f5a47cbb541d1702325bf0da6	a34169df965b56fee6ce61021faac688	b23ec93b09295f7c01a1734e9c26c848
23733	c7216e6f5a47cbb541d1702325bf0da6	a34169df965b56fee6ce61021faac688	b23ec93b09295f7c01a1734e9c26c848
23734	746a778d4e274d7c33365ed41950383e	1197f4a74ccf43e811486c8a20ed897a	06020d0222073424a7fa0072f72d0c8e
23735	746a778d4e274d7c33365ed41950383e	1197f4a74ccf43e811486c8a20ed897a	06020d0222073424a7fa0072f72d0c8e
23736	746a778d4e274d7c33365ed41950383e	1197f4a74ccf43e811486c8a20ed897a	06020d0222073424a7fa0072f72d0c8e
23737	aee8596fc037cabfe8f690d97baaecc6	c2902ec973c2cc2c025f26ca28efb4aa	c7557f6a77699581cc85dbfab02d2e4d
23738	aee8596fc037cabfe8f690d97baaecc6	c2902ec973c2cc2c025f26ca28efb4aa	c7557f6a77699581cc85dbfab02d2e4d
23739	c7216e6f5a47cbb541d1702325bf0da6	a34169df965b56fee6ce61021faac688	b23ec93b09295f7c01a1734e9c26c848
23740	c7216e6f5a47cbb541d1702325bf0da6	a34169df965b56fee6ce61021faac688	b23ec93b09295f7c01a1734e9c26c848
23741	c7216e6f5a47cbb541d1702325bf0da6	a34169df965b56fee6ce61021faac688	b23ec93b09295f7c01a1734e9c26c848
23742	c7216e6f5a47cbb541d1702325bf0da6	a34169df965b56fee6ce61021faac688	b23ec93b09295f7c01a1734e9c26c848
23743	c7216e6f5a47cbb541d1702325bf0da6	a34169df965b56fee6ce61021faac688	b23ec93b09295f7c01a1734e9c26c848
23744	c7216e6f5a47cbb541d1702325bf0da6	a34169df965b56fee6ce61021faac688	b23ec93b09295f7c01a1734e9c26c848
23745	c7216e6f5a47cbb541d1702325bf0da6	a34169df965b56fee6ce61021faac688	b23ec93b09295f7c01a1734e9c26c848
23746	c7216e6f5a47cbb541d1702325bf0da6	a34169df965b56fee6ce61021faac688	b23ec93b09295f7c01a1734e9c26c848
23747	c7216e6f5a47cbb541d1702325bf0da6	a34169df965b56fee6ce61021faac688	b23ec93b09295f7c01a1734e9c26c848
23748	c7216e6f5a47cbb541d1702325bf0da6	a34169df965b56fee6ce61021faac688	b23ec93b09295f7c01a1734e9c26c848
23749	c7216e6f5a47cbb541d1702325bf0da6	a34169df965b56fee6ce61021faac688	b23ec93b09295f7c01a1734e9c26c848
23750	c7216e6f5a47cbb541d1702325bf0da6	a34169df965b56fee6ce61021faac688	b23ec93b09295f7c01a1734e9c26c848
23751	a60ef170b306cdd269265e56ca8ed22e	c2b02d2a8c8db5679ff228979e1a6c93	51b04d2d3d1345e5558f556eccbb5cca
23752	a60ef170b306cdd269265e56ca8ed22e	c2b02d2a8c8db5679ff228979e1a6c93	51b04d2d3d1345e5558f556eccbb5cca
23753	a60ef170b306cdd269265e56ca8ed22e	c2b02d2a8c8db5679ff228979e1a6c93	51b04d2d3d1345e5558f556eccbb5cca
23754	a60ef170b306cdd269265e56ca8ed22e	c2b02d2a8c8db5679ff228979e1a6c93	51b04d2d3d1345e5558f556eccbb5cca
23755	a60ef170b306cdd269265e56ca8ed22e	c2b02d2a8c8db5679ff228979e1a6c93	51b04d2d3d1345e5558f556eccbb5cca
23756	a60ef170b306cdd269265e56ca8ed22e	c2b02d2a8c8db5679ff228979e1a6c93	51b04d2d3d1345e5558f556eccbb5cca
23757	a60ef170b306cdd269265e56ca8ed22e	c2b02d2a8c8db5679ff228979e1a6c93	51b04d2d3d1345e5558f556eccbb5cca
23758	a60ef170b306cdd269265e56ca8ed22e	c2b02d2a8c8db5679ff228979e1a6c93	51b04d2d3d1345e5558f556eccbb5cca
23759	a60ef170b306cdd269265e56ca8ed22e	c2b02d2a8c8db5679ff228979e1a6c93	51b04d2d3d1345e5558f556eccbb5cca
23760	a60ef170b306cdd269265e56ca8ed22e	c2b02d2a8c8db5679ff228979e1a6c93	51b04d2d3d1345e5558f556eccbb5cca
23761	a60ef170b306cdd269265e56ca8ed22e	c2b02d2a8c8db5679ff228979e1a6c93	51b04d2d3d1345e5558f556eccbb5cca
23762	a60ef170b306cdd269265e56ca8ed22e	c2b02d2a8c8db5679ff228979e1a6c93	51b04d2d3d1345e5558f556eccbb5cca
23763	a60ef170b306cdd269265e56ca8ed22e	c2b02d2a8c8db5679ff228979e1a6c93	51b04d2d3d1345e5558f556eccbb5cca
23764	a60ef170b306cdd269265e56ca8ed22e	c2b02d2a8c8db5679ff228979e1a6c93	51b04d2d3d1345e5558f556eccbb5cca
23765	a60ef170b306cdd269265e56ca8ed22e	c2b02d2a8c8db5679ff228979e1a6c93	51b04d2d3d1345e5558f556eccbb5cca
23766	a60ef170b306cdd269265e56ca8ed22e	c2b02d2a8c8db5679ff228979e1a6c93	51b04d2d3d1345e5558f556eccbb5cca
23767	a60ef170b306cdd269265e56ca8ed22e	c2b02d2a8c8db5679ff228979e1a6c93	51b04d2d3d1345e5558f556eccbb5cca
23768	be3d9b6edc5e22a0f8505a5b993b1e56	a87f3a3940d38ce5090fc6f532f5c4ee	291f72c97529f7ac4341d19a0c03248e
23769	be3d9b6edc5e22a0f8505a5b993b1e56	a87f3a3940d38ce5090fc6f532f5c4ee	291f72c97529f7ac4341d19a0c03248e
23770	be3d9b6edc5e22a0f8505a5b993b1e56	a87f3a3940d38ce5090fc6f532f5c4ee	291f72c97529f7ac4341d19a0c03248e
23771	be3d9b6edc5e22a0f8505a5b993b1e56	a87f3a3940d38ce5090fc6f532f5c4ee	291f72c97529f7ac4341d19a0c03248e
23772	be3d9b6edc5e22a0f8505a5b993b1e56	a87f3a3940d38ce5090fc6f532f5c4ee	291f72c97529f7ac4341d19a0c03248e
23773	be3d9b6edc5e22a0f8505a5b993b1e56	a87f3a3940d38ce5090fc6f532f5c4ee	291f72c97529f7ac4341d19a0c03248e
23774	be3d9b6edc5e22a0f8505a5b993b1e56	a87f3a3940d38ce5090fc6f532f5c4ee	291f72c97529f7ac4341d19a0c03248e
23775	05684a8ca98f81b3efe58c90a2cd44c8	b01eba4548e5c3d3d07482a2e10b161b	6974ad5995218ae3596416c3cf639f8e
23776	05684a8ca98f81b3efe58c90a2cd44c8	b01eba4548e5c3d3d07482a2e10b161b	6974ad5995218ae3596416c3cf639f8e
23777	05684a8ca98f81b3efe58c90a2cd44c8	b01eba4548e5c3d3d07482a2e10b161b	6974ad5995218ae3596416c3cf639f8e
23778	ba2484c63c3de1936d2deac694bf71aa	eddb363f5244aa461d18bf642942f1d6	7b03ee0314e009a23d5354a3594b8b01
23779	ba2484c63c3de1936d2deac694bf71aa	eddb363f5244aa461d18bf642942f1d6	7b03ee0314e009a23d5354a3594b8b01
23780	a074d5834100ec8eddf952c3444d6b07	dfc90e0b2b6cfd7642825a3f90626557	08d1bffb965ab94e9fbb4ccc330acc08
23781	a074d5834100ec8eddf952c3444d6b07	dfc90e0b2b6cfd7642825a3f90626557	08d1bffb965ab94e9fbb4ccc330acc08
23782	a074d5834100ec8eddf952c3444d6b07	dfc90e0b2b6cfd7642825a3f90626557	08d1bffb965ab94e9fbb4ccc330acc08
23783	3addcc19ea0eee8f74178ea33aba4c0a	3a4206faf9661a5e750bcdd839b07a22	b1c392a9a415ef66accf8afb88e4c7ff
23784	98edb8f4857d150152c21496a9520752	f81c710aa0f6473237873ba53bdcb7aa	b145c1703a7d619fad3b4ac3aa0bacbe
23785	ee662785c1ac900017ba626aa4c378c2	4f1b9a81d1cb58944f4b4efc5fff7538	756f1768261903fffb0bd6151bd3a36d
23786	b92c6d0ed126010b5e4de7b8bcac06c5	0043c5ce56808803e4458b4a86ad7085	a2d1cbf180e2c4a04ef644d39fed31c9
23787	5fd69d26280a49c9948020cc8699d851	5d4de2ebb1182bd61547b9e75f0895fe	205f77998ac427cab4486dd579ab5435
23788	99f31c75bb68a8d984f255b1c8503b5a	319dc097b785a7dcab034ff050ed2a97	5897b2e34fe20edbd3a895f54f8be63a
23789	99f31c75bb68a8d984f255b1c8503b5a	319dc097b785a7dcab034ff050ed2a97	5897b2e34fe20edbd3a895f54f8be63a
23790	f67aac5b320f660c84a5c4554e808aab	eedc513914a16509ed71d8473d1d348c	ff3088305418f33ad13d31fdbdf2ccb4
23791	f67aac5b320f660c84a5c4554e808aab	eedc513914a16509ed71d8473d1d348c	ff3088305418f33ad13d31fdbdf2ccb4
23792	5c152981e417bebee1c21dddbe5a1aee	6e6be3e2483dc2078096a27ee60b5e1d	19eb8e0e073f6770e4c64f82ef49d891
23793	5c152981e417bebee1c21dddbe5a1aee	6e6be3e2483dc2078096a27ee60b5e1d	19eb8e0e073f6770e4c64f82ef49d891
23794	5c152981e417bebee1c21dddbe5a1aee	6e6be3e2483dc2078096a27ee60b5e1d	19eb8e0e073f6770e4c64f82ef49d891
23795	5c152981e417bebee1c21dddbe5a1aee	6e6be3e2483dc2078096a27ee60b5e1d	19eb8e0e073f6770e4c64f82ef49d891
23796	5c152981e417bebee1c21dddbe5a1aee	6e6be3e2483dc2078096a27ee60b5e1d	19eb8e0e073f6770e4c64f82ef49d891
23797	0feb9dd9b1a2bb29c99249330e68f6a1	00710067e8fce65336fbae4df682abfb	450be6d77ffefe60fa69593d0559d851
23798	0feb9dd9b1a2bb29c99249330e68f6a1	00710067e8fce65336fbae4df682abfb	450be6d77ffefe60fa69593d0559d851
23799	0feb9dd9b1a2bb29c99249330e68f6a1	00710067e8fce65336fbae4df682abfb	450be6d77ffefe60fa69593d0559d851
23800	f8284431b47e81559029670fd5b3ef65	59f56bd3dc62b6cc3788ab558e86cd9d	0b2fcb704710862a4931336dc1b5e1e8
23801	c3b136147219144db3085af0d42b888a	881d9b50cf6c4e06b5c76d8a8c040de4	196388ffe61e736287dd32e72a35fc11
23802	84eabcad1a6663110666692c167ce873	48533be1e0a44f18d7f535322a18c0e2	e2f1da28f56fb73fcf63a0c054eae042
23803	84eabcad1a6663110666692c167ce873	48533be1e0a44f18d7f535322a18c0e2	e2f1da28f56fb73fcf63a0c054eae042
23804	1f9e8db3b56ebaf6d7923c12549ac412	c1f302b1a9de41007ed0ff1221a77586	3e038c8e810a5ddd70a45fb36dc98ba3
23805	1f9e8db3b56ebaf6d7923c12549ac412	c1f302b1a9de41007ed0ff1221a77586	3e038c8e810a5ddd70a45fb36dc98ba3
23806	1f9e8db3b56ebaf6d7923c12549ac412	c1f302b1a9de41007ed0ff1221a77586	3e038c8e810a5ddd70a45fb36dc98ba3
23807	ec4ea5db06c5b2fba89d923abec96a11	f26f992efcc4288eed4ce45203992e99	a04241c65322e65409795ccbd7ade669
23808	ec4ea5db06c5b2fba89d923abec96a11	f26f992efcc4288eed4ce45203992e99	a04241c65322e65409795ccbd7ade669
23809	eb25a900a7e044d56fe92dd1931e08f9	8b2de125c456fe38ad85194596897622	bda0498fcc41e7b3887c824dd4a25498
23810	eb25a900a7e044d56fe92dd1931e08f9	8b2de125c456fe38ad85194596897622	bda0498fcc41e7b3887c824dd4a25498
23811	eb25a900a7e044d56fe92dd1931e08f9	8b2de125c456fe38ad85194596897622	bda0498fcc41e7b3887c824dd4a25498
23812	7cdc0cd9ef558ae095af33dcec776911	097d7f0e66a1a899d7812df25e8ab9fa	6dad4c82a2f623067d901a6b1548c63d
23813	7cdc0cd9ef558ae095af33dcec776911	097d7f0e66a1a899d7812df25e8ab9fa	6dad4c82a2f623067d901a6b1548c63d
23814	7cdc0cd9ef558ae095af33dcec776911	097d7f0e66a1a899d7812df25e8ab9fa	6dad4c82a2f623067d901a6b1548c63d
23815	7cdc0cd9ef558ae095af33dcec776911	097d7f0e66a1a899d7812df25e8ab9fa	6dad4c82a2f623067d901a6b1548c63d
23816	03ec32a3c70d549e7f2b7871ff8f0f3d	6d1a869b27d456aee0d14db63a50bfcc	27d460e1bd8f161f1e2821f642a48a38
23817	03ec32a3c70d549e7f2b7871ff8f0f3d	6d1a869b27d456aee0d14db63a50bfcc	27d460e1bd8f161f1e2821f642a48a38
23818	03ec32a3c70d549e7f2b7871ff8f0f3d	6d1a869b27d456aee0d14db63a50bfcc	27d460e1bd8f161f1e2821f642a48a38
23819	518916b1bf5735be66894db6d210f727	95972fc4f980a03cc5aaf5659fb8a369	7760af4fbd669e51128681ec55a69e49
23820	03ec32a3c70d549e7f2b7871ff8f0f3d	6d1a869b27d456aee0d14db63a50bfcc	27d460e1bd8f161f1e2821f642a48a38
23821	0223feec2c0da063908c708362e21a6f	7f3a125cae4e44f950ef6c56ec9a948d	9b130e686560ac319a690c575c6ce4df
23822	0223feec2c0da063908c708362e21a6f	7f3a125cae4e44f950ef6c56ec9a948d	9b130e686560ac319a690c575c6ce4df
23823	0223feec2c0da063908c708362e21a6f	7f3a125cae4e44f950ef6c56ec9a948d	9b130e686560ac319a690c575c6ce4df
23824	0223feec2c0da063908c708362e21a6f	7f3a125cae4e44f950ef6c56ec9a948d	9b130e686560ac319a690c575c6ce4df
23825	0223feec2c0da063908c708362e21a6f	7f3a125cae4e44f950ef6c56ec9a948d	9b130e686560ac319a690c575c6ce4df
23826	0223feec2c0da063908c708362e21a6f	7f3a125cae4e44f950ef6c56ec9a948d	9b130e686560ac319a690c575c6ce4df
23827	0223feec2c0da063908c708362e21a6f	7f3a125cae4e44f950ef6c56ec9a948d	9b130e686560ac319a690c575c6ce4df
23828	ba36aec6b7f23e1e1cf80655d8a89c57	f3bcbe11f627ec694583bfd048cdf967	ca204f9ce93e8d32747d335145a93dc2
23829	ba36aec6b7f23e1e1cf80655d8a89c57	f3bcbe11f627ec694583bfd048cdf967	ca204f9ce93e8d32747d335145a93dc2
23830	ba36aec6b7f23e1e1cf80655d8a89c57	f3bcbe11f627ec694583bfd048cdf967	ca204f9ce93e8d32747d335145a93dc2
23831	ba36aec6b7f23e1e1cf80655d8a89c57	f3bcbe11f627ec694583bfd048cdf967	ca204f9ce93e8d32747d335145a93dc2
23832	ba36aec6b7f23e1e1cf80655d8a89c57	f3bcbe11f627ec694583bfd048cdf967	ca204f9ce93e8d32747d335145a93dc2
23833	509440a4a2aa6cf4bc7e7082f7c25f69	280524812ffa21d95455c43f0f08a32a	d168c90013c5772733794215ecd4601c
23834	509440a4a2aa6cf4bc7e7082f7c25f69	280524812ffa21d95455c43f0f08a32a	d168c90013c5772733794215ecd4601c
23835	509440a4a2aa6cf4bc7e7082f7c25f69	280524812ffa21d95455c43f0f08a32a	d168c90013c5772733794215ecd4601c
23836	509440a4a2aa6cf4bc7e7082f7c25f69	280524812ffa21d95455c43f0f08a32a	d168c90013c5772733794215ecd4601c
23837	509440a4a2aa6cf4bc7e7082f7c25f69	280524812ffa21d95455c43f0f08a32a	d168c90013c5772733794215ecd4601c
23838	d4fd537661b52048a14cfe6402aabb39	5eefa7764c9c5933baadb64229cde5e8	8f04e08353b9fbcabadd9d57d26b5574
23839	d4fd537661b52048a14cfe6402aabb39	5eefa7764c9c5933baadb64229cde5e8	8f04e08353b9fbcabadd9d57d26b5574
23840	d4fd537661b52048a14cfe6402aabb39	5eefa7764c9c5933baadb64229cde5e8	8f04e08353b9fbcabadd9d57d26b5574
23841	d4fd537661b52048a14cfe6402aabb39	5eefa7764c9c5933baadb64229cde5e8	8f04e08353b9fbcabadd9d57d26b5574
23842	d4fd537661b52048a14cfe6402aabb39	5eefa7764c9c5933baadb64229cde5e8	8f04e08353b9fbcabadd9d57d26b5574
23843	d4b5257b6deddb9a97c4cbcb7660de61	bba5a6f58c5add90148faf3075110498	393a13188b1804145f057f5e752ba33b
23844	67b7cb41f7858d21a309b7fc5fa1838a	e24833d2d265b2a7717e623649ae32ed	d07a8a2b73ad9961323ef4dddde198df
23845	4b4abafe8abe65167a9db2fcaa9c706c	6715e31d4112f99d586d3879bfec080c	b031d3d6addd3917f6f208a1f8736627
23846	4b4abafe8abe65167a9db2fcaa9c706c	6715e31d4112f99d586d3879bfec080c	b031d3d6addd3917f6f208a1f8736627
23847	4b4abafe8abe65167a9db2fcaa9c706c	6715e31d4112f99d586d3879bfec080c	b031d3d6addd3917f6f208a1f8736627
23848	d4fd537661b52048a14cfe6402aabb39	5eefa7764c9c5933baadb64229cde5e8	8f04e08353b9fbcabadd9d57d26b5574
23849	d4fd537661b52048a14cfe6402aabb39	5eefa7764c9c5933baadb64229cde5e8	8f04e08353b9fbcabadd9d57d26b5574
23850	a64c53fea98481ff6e667e322c5246b8	9dca26fb54b1918f726459fb863db86e	a5ad1c5d7e2f977e38eb11a06fdc04ba
23851	a64c53fea98481ff6e667e322c5246b8	9dca26fb54b1918f726459fb863db86e	a5ad1c5d7e2f977e38eb11a06fdc04ba
23852	a64c53fea98481ff6e667e322c5246b8	9dca26fb54b1918f726459fb863db86e	a5ad1c5d7e2f977e38eb11a06fdc04ba
23853	b952c1305449341e59fd8e5e911682dd	e159c42f5ac6dc1bd9a436be59844489	65d708288bddadf3005d0b0de1d3e17c
23854	b952c1305449341e59fd8e5e911682dd	e159c42f5ac6dc1bd9a436be59844489	65d708288bddadf3005d0b0de1d3e17c
23855	a94d4d628779d2a07b71014c556c805c	d47ba7473bb7d0e285a6e23a4fb5d5c6	5f171a9c7749e3e2b385e0bd8059237f
23856	a94d4d628779d2a07b71014c556c805c	d47ba7473bb7d0e285a6e23a4fb5d5c6	5f171a9c7749e3e2b385e0bd8059237f
23857	f2a4784d41bec7210006f09ab34742a9	dd82359036ad2f2be2fa9fb9a3109740	fb3346eeb497d12366e944bb95204a32
23858	f2a4784d41bec7210006f09ab34742a9	dd82359036ad2f2be2fa9fb9a3109740	fb3346eeb497d12366e944bb95204a32
23859	f2a4784d41bec7210006f09ab34742a9	dd82359036ad2f2be2fa9fb9a3109740	fb3346eeb497d12366e944bb95204a32
23860	153bf8722aee34b59257c868b1eaf930	f4f3ae4c08267b6912bf9c63afec979d	0dbba4610a161c67cb31e4be4978dabb
23861	153bf8722aee34b59257c868b1eaf930	f4f3ae4c08267b6912bf9c63afec979d	0dbba4610a161c67cb31e4be4978dabb
23862	f2a4784d41bec7210006f09ab34742a9	dd82359036ad2f2be2fa9fb9a3109740	fb3346eeb497d12366e944bb95204a32
23863	f2a4784d41bec7210006f09ab34742a9	dd82359036ad2f2be2fa9fb9a3109740	fb3346eeb497d12366e944bb95204a32
23864	f2a4784d41bec7210006f09ab34742a9	dd82359036ad2f2be2fa9fb9a3109740	fb3346eeb497d12366e944bb95204a32
23865	153bf8722aee34b59257c868b1eaf930	f4f3ae4c08267b6912bf9c63afec979d	0dbba4610a161c67cb31e4be4978dabb
23866	153bf8722aee34b59257c868b1eaf930	f4f3ae4c08267b6912bf9c63afec979d	0dbba4610a161c67cb31e4be4978dabb
23867	448e2953485ab25c4da7a75056841e7f	f3e561ef810965c2d0550a44981a6f71	24ac30c4c47ddce79ab9a02623f140dd
23868	448e2953485ab25c4da7a75056841e7f	f3e561ef810965c2d0550a44981a6f71	24ac30c4c47ddce79ab9a02623f140dd
23869	448e2953485ab25c4da7a75056841e7f	f3e561ef810965c2d0550a44981a6f71	24ac30c4c47ddce79ab9a02623f140dd
23870	448e2953485ab25c4da7a75056841e7f	f3e561ef810965c2d0550a44981a6f71	24ac30c4c47ddce79ab9a02623f140dd
23871	448e2953485ab25c4da7a75056841e7f	f3e561ef810965c2d0550a44981a6f71	24ac30c4c47ddce79ab9a02623f140dd
23872	448e2953485ab25c4da7a75056841e7f	f3e561ef810965c2d0550a44981a6f71	24ac30c4c47ddce79ab9a02623f140dd
23873	448e2953485ab25c4da7a75056841e7f	f3e561ef810965c2d0550a44981a6f71	24ac30c4c47ddce79ab9a02623f140dd
23874	c9859b37a9712964d0c90eaad5296b39	3b7a73db3332bd753e003921218d4e93	e7a34166d4a6546e88657c89b32bd597
23875	c9859b37a9712964d0c90eaad5296b39	3b7a73db3332bd753e003921218d4e93	e7a34166d4a6546e88657c89b32bd597
23876	c9859b37a9712964d0c90eaad5296b39	3b7a73db3332bd753e003921218d4e93	e7a34166d4a6546e88657c89b32bd597
23877	c9859b37a9712964d0c90eaad5296b39	3b7a73db3332bd753e003921218d4e93	e7a34166d4a6546e88657c89b32bd597
23878	c9859b37a9712964d0c90eaad5296b39	3b7a73db3332bd753e003921218d4e93	e7a34166d4a6546e88657c89b32bd597
23879	ae70ce9667524586ab6a6b5031fdb182	44d3c392d578c60805d6228cef16a25c	a7f19f6d1f627371b1e6f16d79e8d932
23880	ae70ce9667524586ab6a6b5031fdb182	44d3c392d578c60805d6228cef16a25c	a7f19f6d1f627371b1e6f16d79e8d932
23881	ae70ce9667524586ab6a6b5031fdb182	44d3c392d578c60805d6228cef16a25c	a7f19f6d1f627371b1e6f16d79e8d932
23882	ae70ce9667524586ab6a6b5031fdb182	44d3c392d578c60805d6228cef16a25c	a7f19f6d1f627371b1e6f16d79e8d932
23883	ae70ce9667524586ab6a6b5031fdb182	44d3c392d578c60805d6228cef16a25c	a7f19f6d1f627371b1e6f16d79e8d932
23884	ae70ce9667524586ab6a6b5031fdb182	44d3c392d578c60805d6228cef16a25c	a7f19f6d1f627371b1e6f16d79e8d932
23885	ae70ce9667524586ab6a6b5031fdb182	44d3c392d578c60805d6228cef16a25c	a7f19f6d1f627371b1e6f16d79e8d932
23886	ae70ce9667524586ab6a6b5031fdb182	44d3c392d578c60805d6228cef16a25c	a7f19f6d1f627371b1e6f16d79e8d932
23887	ae70ce9667524586ab6a6b5031fdb182	44d3c392d578c60805d6228cef16a25c	a7f19f6d1f627371b1e6f16d79e8d932
23888	ae70ce9667524586ab6a6b5031fdb182	44d3c392d578c60805d6228cef16a25c	a7f19f6d1f627371b1e6f16d79e8d932
23889	ae70ce9667524586ab6a6b5031fdb182	44d3c392d578c60805d6228cef16a25c	a7f19f6d1f627371b1e6f16d79e8d932
23890	ae70ce9667524586ab6a6b5031fdb182	44d3c392d578c60805d6228cef16a25c	a7f19f6d1f627371b1e6f16d79e8d932
23891	ae70ce9667524586ab6a6b5031fdb182	44d3c392d578c60805d6228cef16a25c	a7f19f6d1f627371b1e6f16d79e8d932
23892	ae70ce9667524586ab6a6b5031fdb182	44d3c392d578c60805d6228cef16a25c	a7f19f6d1f627371b1e6f16d79e8d932
23893	ae70ce9667524586ab6a6b5031fdb182	44d3c392d578c60805d6228cef16a25c	a7f19f6d1f627371b1e6f16d79e8d932
23894	ae70ce9667524586ab6a6b5031fdb182	44d3c392d578c60805d6228cef16a25c	a7f19f6d1f627371b1e6f16d79e8d932
23895	ae70ce9667524586ab6a6b5031fdb182	44d3c392d578c60805d6228cef16a25c	a7f19f6d1f627371b1e6f16d79e8d932
23896	7d8b899103e93a7f2db77fea806c85c9	162787dcda61a5ce10428cc97cd0c6df	0e16abc1910bcf015186f8ab3a3e1714
23897	7d8b899103e93a7f2db77fea806c85c9	162787dcda61a5ce10428cc97cd0c6df	0e16abc1910bcf015186f8ab3a3e1714
23898	7d8b899103e93a7f2db77fea806c85c9	162787dcda61a5ce10428cc97cd0c6df	0e16abc1910bcf015186f8ab3a3e1714
23899	5762b7abd85b6420880f2c837469c550	dcda93bd118f78badc776c45cb0ed600	c76ea557d78bddb34c04cc92990871ba
23900	5762b7abd85b6420880f2c837469c550	dcda93bd118f78badc776c45cb0ed600	c76ea557d78bddb34c04cc92990871ba
23901	5762b7abd85b6420880f2c837469c550	dcda93bd118f78badc776c45cb0ed600	c76ea557d78bddb34c04cc92990871ba
23902	5762b7abd85b6420880f2c837469c550	dcda93bd118f78badc776c45cb0ed600	c76ea557d78bddb34c04cc92990871ba
23903	f9fb4148fd5cdddb04293cf4b665ccce	40128a2620eadec8f8368d8b6a876454	b9f1c38594b7b6fbb27f9603e349a0c1
23904	bd81960ed1f57623f37614b24357abf2	e2c01e3d31b51cbb7c847f72705c82c9	341879b22c93d4438e742462cdf2ce84
23905	8045b2efb146a91265222b9fbf1b7e9c	c8935459995186c72f35b157262098be	9f37a965fdff23443e22b4438fc5e254
23906	bd81960ed1f57623f37614b24357abf2	e2c01e3d31b51cbb7c847f72705c82c9	341879b22c93d4438e742462cdf2ce84
23907	bd81960ed1f57623f37614b24357abf2	e2c01e3d31b51cbb7c847f72705c82c9	341879b22c93d4438e742462cdf2ce84
23908	9b9c84e496972ba1954907b620ca13c8	2e8b520f0fe39554c1985a9a725fe787	bcf4feda2ac7b228f21b6630b2a89c42
23909	9b9c84e496972ba1954907b620ca13c8	2e8b520f0fe39554c1985a9a725fe787	bcf4feda2ac7b228f21b6630b2a89c42
23910	9b9c84e496972ba1954907b620ca13c8	2e8b520f0fe39554c1985a9a725fe787	bcf4feda2ac7b228f21b6630b2a89c42
23911	9b9c84e496972ba1954907b620ca13c8	2e8b520f0fe39554c1985a9a725fe787	bcf4feda2ac7b228f21b6630b2a89c42
23912	9b9c84e496972ba1954907b620ca13c8	2e8b520f0fe39554c1985a9a725fe787	bcf4feda2ac7b228f21b6630b2a89c42
23913	50a9f2415e3b2a39a266c04eee3e19de	fe03128752ceed59dc5df578c63fabe2	e70a5f5f8b8979a3bcb6033519b4167d
23914	11bb03e2326d2e1d9f169f17eb00291b	488a3468aa00a2da54bee95ad3862962	99eddfc72f60284a53df7d93c6cb4807
23915	d632f56912c39bc8882b4ea89e69a9b9	b85f986df654ad317d4863137b8f05e6	58e252205fed0c20ee3b5c798f536486
23916	d632f56912c39bc8882b4ea89e69a9b9	b85f986df654ad317d4863137b8f05e6	58e252205fed0c20ee3b5c798f536486
23917	d632f56912c39bc8882b4ea89e69a9b9	b85f986df654ad317d4863137b8f05e6	58e252205fed0c20ee3b5c798f536486
23918	4871d8092284d3533d0e1615f9ab3d5e	e7af3bc8bc53dcc527fb8e840baa0678	5b7acf64b5dce1aa9184c91f3baafe5c
23919	4871d8092284d3533d0e1615f9ab3d5e	e7af3bc8bc53dcc527fb8e840baa0678	5b7acf64b5dce1aa9184c91f3baafe5c
23920	63515df71d04579f3ca80897e71aebad	4e416cd0e11867727a8c25cbab869ba4	952362d35e18486a8d1357cc8f140dc8
23921	63515df71d04579f3ca80897e71aebad	4e416cd0e11867727a8c25cbab869ba4	952362d35e18486a8d1357cc8f140dc8
23922	63515df71d04579f3ca80897e71aebad	4e416cd0e11867727a8c25cbab869ba4	952362d35e18486a8d1357cc8f140dc8
23923	63515df71d04579f3ca80897e71aebad	4e416cd0e11867727a8c25cbab869ba4	952362d35e18486a8d1357cc8f140dc8
23924	63515df71d04579f3ca80897e71aebad	4e416cd0e11867727a8c25cbab869ba4	952362d35e18486a8d1357cc8f140dc8
23925	63515df71d04579f3ca80897e71aebad	4e416cd0e11867727a8c25cbab869ba4	952362d35e18486a8d1357cc8f140dc8
23926	63515df71d04579f3ca80897e71aebad	4e416cd0e11867727a8c25cbab869ba4	952362d35e18486a8d1357cc8f140dc8
23927	670c69e3710f5935f8e34ef774559fc5	e5f807ee1cae4b2f48605d93cc9ecf17	4d66a956f504d49e1ac98a1f3d7550e5
23928	670c69e3710f5935f8e34ef774559fc5	e5f807ee1cae4b2f48605d93cc9ecf17	4d66a956f504d49e1ac98a1f3d7550e5
23929	670c69e3710f5935f8e34ef774559fc5	e5f807ee1cae4b2f48605d93cc9ecf17	4d66a956f504d49e1ac98a1f3d7550e5
23930	670c69e3710f5935f8e34ef774559fc5	e5f807ee1cae4b2f48605d93cc9ecf17	4d66a956f504d49e1ac98a1f3d7550e5
23931	670c69e3710f5935f8e34ef774559fc5	e5f807ee1cae4b2f48605d93cc9ecf17	4d66a956f504d49e1ac98a1f3d7550e5
23932	670c69e3710f5935f8e34ef774559fc5	e5f807ee1cae4b2f48605d93cc9ecf17	4d66a956f504d49e1ac98a1f3d7550e5
23933	670c69e3710f5935f8e34ef774559fc5	e5f807ee1cae4b2f48605d93cc9ecf17	4d66a956f504d49e1ac98a1f3d7550e5
23934	670c69e3710f5935f8e34ef774559fc5	e5f807ee1cae4b2f48605d93cc9ecf17	4d66a956f504d49e1ac98a1f3d7550e5
23935	670c69e3710f5935f8e34ef774559fc5	e5f807ee1cae4b2f48605d93cc9ecf17	4d66a956f504d49e1ac98a1f3d7550e5
23936	670c69e3710f5935f8e34ef774559fc5	e5f807ee1cae4b2f48605d93cc9ecf17	4d66a956f504d49e1ac98a1f3d7550e5
23937	0dddfb53e2f0efc625d3f8d1fc4f9fa8	82a60d267c1e1379b6e761110e39c4c9	7e5bd04347bf7e94bef108f8fe90d4d0
23938	0dddfb53e2f0efc625d3f8d1fc4f9fa8	82a60d267c1e1379b6e761110e39c4c9	7e5bd04347bf7e94bef108f8fe90d4d0
23939	0dddfb53e2f0efc625d3f8d1fc4f9fa8	82a60d267c1e1379b6e761110e39c4c9	7e5bd04347bf7e94bef108f8fe90d4d0
23940	0dddfb53e2f0efc625d3f8d1fc4f9fa8	82a60d267c1e1379b6e761110e39c4c9	7e5bd04347bf7e94bef108f8fe90d4d0
23941	0dddfb53e2f0efc625d3f8d1fc4f9fa8	82a60d267c1e1379b6e761110e39c4c9	7e5bd04347bf7e94bef108f8fe90d4d0
23942	0dddfb53e2f0efc625d3f8d1fc4f9fa8	82a60d267c1e1379b6e761110e39c4c9	7e5bd04347bf7e94bef108f8fe90d4d0
23943	0dddfb53e2f0efc625d3f8d1fc4f9fa8	82a60d267c1e1379b6e761110e39c4c9	7e5bd04347bf7e94bef108f8fe90d4d0
23944	fdc64e806ecbc6bf9c8df1084f5e30d6	5c3e4c4a8069a21d5da1ecdedd57b47d	88e620b9f0fc1638b33cd5a2a6d97232
23945	fdc64e806ecbc6bf9c8df1084f5e30d6	5c3e4c4a8069a21d5da1ecdedd57b47d	88e620b9f0fc1638b33cd5a2a6d97232
23946	fdc64e806ecbc6bf9c8df1084f5e30d6	5c3e4c4a8069a21d5da1ecdedd57b47d	88e620b9f0fc1638b33cd5a2a6d97232
23947	fdc64e806ecbc6bf9c8df1084f5e30d6	5c3e4c4a8069a21d5da1ecdedd57b47d	88e620b9f0fc1638b33cd5a2a6d97232
23948	fdc64e806ecbc6bf9c8df1084f5e30d6	5c3e4c4a8069a21d5da1ecdedd57b47d	88e620b9f0fc1638b33cd5a2a6d97232
23949	a72f0d05835da7cb96f319cbb3c982e1	78594aacd874cde3a6a46ca7960a21df	aa05b9f6ec9a4e729d0d6c4558e0c8e7
23950	a72f0d05835da7cb96f319cbb3c982e1	78594aacd874cde3a6a46ca7960a21df	aa05b9f6ec9a4e729d0d6c4558e0c8e7
23951	a72f0d05835da7cb96f319cbb3c982e1	78594aacd874cde3a6a46ca7960a21df	aa05b9f6ec9a4e729d0d6c4558e0c8e7
23952	a72f0d05835da7cb96f319cbb3c982e1	78594aacd874cde3a6a46ca7960a21df	aa05b9f6ec9a4e729d0d6c4558e0c8e7
23953	a72f0d05835da7cb96f319cbb3c982e1	78594aacd874cde3a6a46ca7960a21df	aa05b9f6ec9a4e729d0d6c4558e0c8e7
23954	a72f0d05835da7cb96f319cbb3c982e1	78594aacd874cde3a6a46ca7960a21df	aa05b9f6ec9a4e729d0d6c4558e0c8e7
23955	a72f0d05835da7cb96f319cbb3c982e1	78594aacd874cde3a6a46ca7960a21df	aa05b9f6ec9a4e729d0d6c4558e0c8e7
23956	1f3b86dd2c044b59c44f31e46f62e0d6	f47ec2e5ec522e460617eae4282fb028	4feb1bdebfbb1720d8102d18a684b286
23957	1f3b86dd2c044b59c44f31e46f62e0d6	f47ec2e5ec522e460617eae4282fb028	4feb1bdebfbb1720d8102d18a684b286
23958	1f3b86dd2c044b59c44f31e46f62e0d6	f47ec2e5ec522e460617eae4282fb028	4feb1bdebfbb1720d8102d18a684b286
23959	42a72de77e122e6f6f8c41b967ee65d8	f8baa54bd0832fae39a5a09a4b222285	e54ada14f84b3908a1bd40c6722badec
23960	42a72de77e122e6f6f8c41b967ee65d8	f8baa54bd0832fae39a5a09a4b222285	e54ada14f84b3908a1bd40c6722badec
23961	90807f312ac589b83ead4252a08189ec	72b3900d2ea62614af071cba25e79fa9	a2a8631298c397884a642497b2342486
23962	90807f312ac589b83ead4252a08189ec	72b3900d2ea62614af071cba25e79fa9	a2a8631298c397884a642497b2342486
23963	2a96b6d5d75ad0840998a457f52df290	75bc702675f9ec953f57b7e876d59ab8	5818f714ae1c9b4b39ec92556fa20f1a
23964	19a840126fde3d804b60190824936723	3eec40d14cd3f1a3abafa2b338109f32	3e32ec722c8ebe59697f0ad2111f5f31
23965	7bcff9ecd40538b3a148a138bbeddbff	1b6e1ea7f423a15fe480f6ab5d926d9d	2f5eb9846c2f8f4fb71afefc31ecfefa
23966	7ea370210d5ba944b31daa077f7c3975	b2f176ddc24d2cd378e22f68457dcf58	c5fa9b063be200564bf07bb4fb1f3da7
23967	7ea370210d5ba944b31daa077f7c3975	b2f176ddc24d2cd378e22f68457dcf58	c5fa9b063be200564bf07bb4fb1f3da7
23968	7ea370210d5ba944b31daa077f7c3975	b2f176ddc24d2cd378e22f68457dcf58	c5fa9b063be200564bf07bb4fb1f3da7
23969	7ea370210d5ba944b31daa077f7c3975	b2f176ddc24d2cd378e22f68457dcf58	c5fa9b063be200564bf07bb4fb1f3da7
23970	7ea370210d5ba944b31daa077f7c3975	b2f176ddc24d2cd378e22f68457dcf58	c5fa9b063be200564bf07bb4fb1f3da7
23971	7ea370210d5ba944b31daa077f7c3975	b2f176ddc24d2cd378e22f68457dcf58	c5fa9b063be200564bf07bb4fb1f3da7
23972	7ea370210d5ba944b31daa077f7c3975	b2f176ddc24d2cd378e22f68457dcf58	c5fa9b063be200564bf07bb4fb1f3da7
23973	7ea370210d5ba944b31daa077f7c3975	b2f176ddc24d2cd378e22f68457dcf58	c5fa9b063be200564bf07bb4fb1f3da7
23974	7af2b5b34a8750e60305547865b5127e	71bed8cff85f019cc6e76fd0be9aef05	5f5183e0a772149bc896eacabae39ade
23975	7af2b5b34a8750e60305547865b5127e	71bed8cff85f019cc6e76fd0be9aef05	5f5183e0a772149bc896eacabae39ade
23976	7ea370210d5ba944b31daa077f7c3975	b2f176ddc24d2cd378e22f68457dcf58	c5fa9b063be200564bf07bb4fb1f3da7
23977	7ea370210d5ba944b31daa077f7c3975	b2f176ddc24d2cd378e22f68457dcf58	c5fa9b063be200564bf07bb4fb1f3da7
23978	208e129ca9567067cedc794387ede262	6e23eaac7f1285a4b9eda981323175ee	49bc2d79ba0a7b6aed717b804e7c1d97
23979	208e129ca9567067cedc794387ede262	6e23eaac7f1285a4b9eda981323175ee	49bc2d79ba0a7b6aed717b804e7c1d97
23980	208e129ca9567067cedc794387ede262	6e23eaac7f1285a4b9eda981323175ee	49bc2d79ba0a7b6aed717b804e7c1d97
23981	27f60f06e4f7d69e4f85324133f7b864	e1167ce02da1cb138320ba41292b96b0	9c547ae3c749161f85b8b141cc8058af
23982	27f60f06e4f7d69e4f85324133f7b864	e1167ce02da1cb138320ba41292b96b0	9c547ae3c749161f85b8b141cc8058af
23983	27f60f06e4f7d69e4f85324133f7b864	e1167ce02da1cb138320ba41292b96b0	9c547ae3c749161f85b8b141cc8058af
23984	27f60f06e4f7d69e4f85324133f7b864	e1167ce02da1cb138320ba41292b96b0	9c547ae3c749161f85b8b141cc8058af
23985	d5f5d9c77493a6ecd962ad6bd3cb7eca	56ac835320a495f9229becfa801d5179	5abd1bb8c6977ea64551f0deaa7df8d7
23986	d5f5d9c77493a6ecd962ad6bd3cb7eca	56ac835320a495f9229becfa801d5179	5abd1bb8c6977ea64551f0deaa7df8d7
23987	d5f5d9c77493a6ecd962ad6bd3cb7eca	56ac835320a495f9229becfa801d5179	5abd1bb8c6977ea64551f0deaa7df8d7
23988	56535d6675b5522fdbbc9acc81cda543	d31d5527d8e4aea81e471a14064740ab	ff8f37a2f7b4981680fd02d0f7f44084
23989	d5f5d9c77493a6ecd962ad6bd3cb7eca	56ac835320a495f9229becfa801d5179	5abd1bb8c6977ea64551f0deaa7df8d7
23990	6a174c540b453a47b427a526889a7393	2bb7d4176108765a09cca5710dc26b2e	d4abc0ca7ec5b882cb48f960f976ee70
23991	6a174c540b453a47b427a526889a7393	2bb7d4176108765a09cca5710dc26b2e	d4abc0ca7ec5b882cb48f960f976ee70
23992	6a174c540b453a47b427a526889a7393	2bb7d4176108765a09cca5710dc26b2e	d4abc0ca7ec5b882cb48f960f976ee70
23993	6a174c540b453a47b427a526889a7393	2bb7d4176108765a09cca5710dc26b2e	d4abc0ca7ec5b882cb48f960f976ee70
23994	6a174c540b453a47b427a526889a7393	2bb7d4176108765a09cca5710dc26b2e	d4abc0ca7ec5b882cb48f960f976ee70
23995	6a174c540b453a47b427a526889a7393	2bb7d4176108765a09cca5710dc26b2e	d4abc0ca7ec5b882cb48f960f976ee70
23996	6a174c540b453a47b427a526889a7393	2bb7d4176108765a09cca5710dc26b2e	d4abc0ca7ec5b882cb48f960f976ee70
23997	6a174c540b453a47b427a526889a7393	818df4269f1b7466229c1ab54f7389a0	40b9229f0d893cd518b64f7cee7d8552
23998	6a174c540b453a47b427a526889a7393	818df4269f1b7466229c1ab54f7389a0	40b9229f0d893cd518b64f7cee7d8552
23999	6a174c540b453a47b427a526889a7393	818df4269f1b7466229c1ab54f7389a0	40b9229f0d893cd518b64f7cee7d8552
24000	6a174c540b453a47b427a526889a7393	818df4269f1b7466229c1ab54f7389a0	40b9229f0d893cd518b64f7cee7d8552
24001	6a174c540b453a47b427a526889a7393	818df4269f1b7466229c1ab54f7389a0	40b9229f0d893cd518b64f7cee7d8552
24002	a0b8193cfbbde340b729a6531df6af9f	ec32d8261697c3a94a7f1958999211ed	f4e40fdf8ecbced01df7287e7e521dd2
24003	a0b8193cfbbde340b729a6531df6af9f	ec32d8261697c3a94a7f1958999211ed	f4e40fdf8ecbced01df7287e7e521dd2
24004	a0b8193cfbbde340b729a6531df6af9f	ec32d8261697c3a94a7f1958999211ed	f4e40fdf8ecbced01df7287e7e521dd2
24005	a0b8193cfbbde340b729a6531df6af9f	ec32d8261697c3a94a7f1958999211ed	f4e40fdf8ecbced01df7287e7e521dd2
24006	a0b8193cfbbde340b729a6531df6af9f	ec32d8261697c3a94a7f1958999211ed	f4e40fdf8ecbced01df7287e7e521dd2
24007	a2dc76a644b00376cf15c75ce9332d4f	d6ba5c0470f849385282d9242f609356	4335958d535c5de85edfa71e60406c91
24008	a2dc76a644b00376cf15c75ce9332d4f	d6ba5c0470f849385282d9242f609356	4335958d535c5de85edfa71e60406c91
24009	a2dc76a644b00376cf15c75ce9332d4f	d6ba5c0470f849385282d9242f609356	4335958d535c5de85edfa71e60406c91
24010	a2dc76a644b00376cf15c75ce9332d4f	d6ba5c0470f849385282d9242f609356	4335958d535c5de85edfa71e60406c91
24011	a2dc76a644b00376cf15c75ce9332d4f	d6ba5c0470f849385282d9242f609356	4335958d535c5de85edfa71e60406c91
24012	a2dc76a644b00376cf15c75ce9332d4f	d6ba5c0470f849385282d9242f609356	4335958d535c5de85edfa71e60406c91
24013	a2dc76a644b00376cf15c75ce9332d4f	d6ba5c0470f849385282d9242f609356	4335958d535c5de85edfa71e60406c91
24014	20f1e0e6fae40d846bf8e2cf999680af	33c6cad03fa7a92f9e066910c8432077	7d9ccbefc1442a8ee3a54ed4d9db6ae8
24015	20f1e0e6fae40d846bf8e2cf999680af	33c6cad03fa7a92f9e066910c8432077	7d9ccbefc1442a8ee3a54ed4d9db6ae8
24016	20f1e0e6fae40d846bf8e2cf999680af	33c6cad03fa7a92f9e066910c8432077	7d9ccbefc1442a8ee3a54ed4d9db6ae8
24017	20f1e0e6fae40d846bf8e2cf999680af	33c6cad03fa7a92f9e066910c8432077	7d9ccbefc1442a8ee3a54ed4d9db6ae8
24018	20f1e0e6fae40d846bf8e2cf999680af	33c6cad03fa7a92f9e066910c8432077	7d9ccbefc1442a8ee3a54ed4d9db6ae8
24019	21a6c8799b3dee3d5518eeaeb9076cf9	a2c2881bb6bbd5027cb69b446034797c	adacd0683a435e22fda579ed76ee13db
24020	21a6c8799b3dee3d5518eeaeb9076cf9	a2c2881bb6bbd5027cb69b446034797c	adacd0683a435e22fda579ed76ee13db
24021	21a6c8799b3dee3d5518eeaeb9076cf9	a2c2881bb6bbd5027cb69b446034797c	adacd0683a435e22fda579ed76ee13db
24022	21a6c8799b3dee3d5518eeaeb9076cf9	a2c2881bb6bbd5027cb69b446034797c	adacd0683a435e22fda579ed76ee13db
24023	21a6c8799b3dee3d5518eeaeb9076cf9	a2c2881bb6bbd5027cb69b446034797c	adacd0683a435e22fda579ed76ee13db
24024	21a6c8799b3dee3d5518eeaeb9076cf9	a2c2881bb6bbd5027cb69b446034797c	adacd0683a435e22fda579ed76ee13db
24025	21a6c8799b3dee3d5518eeaeb9076cf9	a2c2881bb6bbd5027cb69b446034797c	adacd0683a435e22fda579ed76ee13db
24026	7aa516664f6b401a6f046246674f6ffa	19c81e6983aaa1fe1abd034d58ecda83	3b34aaa0112ef9338381fb9f28111772
24027	7aa516664f6b401a6f046246674f6ffa	19c81e6983aaa1fe1abd034d58ecda83	3b34aaa0112ef9338381fb9f28111772
24028	7aa516664f6b401a6f046246674f6ffa	19c81e6983aaa1fe1abd034d58ecda83	3b34aaa0112ef9338381fb9f28111772
24029	cb2a0c2b4ed4ba69f906de9e9c6930bf	73aa8ea01d70b862bd073cb7fc93df82	c0e3d90bdcba4fa95e60f46b848374fc
24030	cb2a0c2b4ed4ba69f906de9e9c6930bf	73aa8ea01d70b862bd073cb7fc93df82	c0e3d90bdcba4fa95e60f46b848374fc
24031	7aa516664f6b401a6f046246674f6ffa	19c81e6983aaa1fe1abd034d58ecda83	3b34aaa0112ef9338381fb9f28111772
24032	7aa516664f6b401a6f046246674f6ffa	19c81e6983aaa1fe1abd034d58ecda83	3b34aaa0112ef9338381fb9f28111772
24033	7aa516664f6b401a6f046246674f6ffa	19c81e6983aaa1fe1abd034d58ecda83	3b34aaa0112ef9338381fb9f28111772
24034	e3e89c1ffdf995558a2fba578bfb88c6	ab9811d3c6d41aadd8e9761ea5a37172	ca2776a0ec2cd8be3456b8cd1675a643
24035	ddd82655fc5b6f64ce522e935ecd6001	d6f4b2555c526a23cd479e71f60fa74f	3875a5fcdfe14e0c62735a93e5e1bbc8
24036	b704f56c997f4f919aeb15f9030b6838	5eb3fc2577e245baf8382ff7da1dcaeb	c2ab4a9c0108848a645570f3bc732cb2
24037	b704f56c997f4f919aeb15f9030b6838	5eb3fc2577e245baf8382ff7da1dcaeb	c2ab4a9c0108848a645570f3bc732cb2
24038	b704f56c997f4f919aeb15f9030b6838	5eb3fc2577e245baf8382ff7da1dcaeb	c2ab4a9c0108848a645570f3bc732cb2
24039	b704f56c997f4f919aeb15f9030b6838	5eb3fc2577e245baf8382ff7da1dcaeb	c2ab4a9c0108848a645570f3bc732cb2
24040	b704f56c997f4f919aeb15f9030b6838	5eb3fc2577e245baf8382ff7da1dcaeb	c2ab4a9c0108848a645570f3bc732cb2
24041	b704f56c997f4f919aeb15f9030b6838	5eb3fc2577e245baf8382ff7da1dcaeb	c2ab4a9c0108848a645570f3bc732cb2
24042	b704f56c997f4f919aeb15f9030b6838	5eb3fc2577e245baf8382ff7da1dcaeb	c2ab4a9c0108848a645570f3bc732cb2
24043	9e0e28f61be2d01430f181fee092a4aa	804489344dbbf9770bd8e247b58cf4c7	d2bd861b151b4cdfc8027ee2540a1122
24044	139cb5b130c74d616f1c681d6fed3ccf	66b7f7a2a0c3b83fdf8f4677d22b802f	61ad9aaf43bb0a967dccea7521410470
24045	9e0e28f61be2d01430f181fee092a4aa	804489344dbbf9770bd8e247b58cf4c7	d2bd861b151b4cdfc8027ee2540a1122
24046	da252643a8afff6d9cb62444c3e79a70	57946e49b358c5ff8e9a11c00a73335d	88d8ba170ba01d6948c5be599105d671
24047	da252643a8afff6d9cb62444c3e79a70	57946e49b358c5ff8e9a11c00a73335d	88d8ba170ba01d6948c5be599105d671
24048	9b0e23f0a1664ac8f49fd4338b9388d5	8ff4498866dea298cff487e36285ba21	27906c805d79b7cebe4d960e2a762371
24049	9b0e23f0a1664ac8f49fd4338b9388d5	8ff4498866dea298cff487e36285ba21	27906c805d79b7cebe4d960e2a762371
24050	9b0e23f0a1664ac8f49fd4338b9388d5	8ff4498866dea298cff487e36285ba21	27906c805d79b7cebe4d960e2a762371
24051	9b0e23f0a1664ac8f49fd4338b9388d5	8ff4498866dea298cff487e36285ba21	27906c805d79b7cebe4d960e2a762371
24052	9b0e23f0a1664ac8f49fd4338b9388d5	8ff4498866dea298cff487e36285ba21	27906c805d79b7cebe4d960e2a762371
24053	9b0e23f0a1664ac8f49fd4338b9388d5	8ff4498866dea298cff487e36285ba21	27906c805d79b7cebe4d960e2a762371
24054	9b0e23f0a1664ac8f49fd4338b9388d5	8ff4498866dea298cff487e36285ba21	27906c805d79b7cebe4d960e2a762371
24055	9b0e23f0a1664ac8f49fd4338b9388d5	8ff4498866dea298cff487e36285ba21	27906c805d79b7cebe4d960e2a762371
24056	9b0e23f0a1664ac8f49fd4338b9388d5	8ff4498866dea298cff487e36285ba21	27906c805d79b7cebe4d960e2a762371
24057	9b0e23f0a1664ac8f49fd4338b9388d5	8ff4498866dea298cff487e36285ba21	27906c805d79b7cebe4d960e2a762371
24058	9b0e23f0a1664ac8f49fd4338b9388d5	8ff4498866dea298cff487e36285ba21	27906c805d79b7cebe4d960e2a762371
24059	9b0e23f0a1664ac8f49fd4338b9388d5	8ff4498866dea298cff487e36285ba21	27906c805d79b7cebe4d960e2a762371
24060	9b0e23f0a1664ac8f49fd4338b9388d5	8ff4498866dea298cff487e36285ba21	27906c805d79b7cebe4d960e2a762371
24061	9b0e23f0a1664ac8f49fd4338b9388d5	8ff4498866dea298cff487e36285ba21	27906c805d79b7cebe4d960e2a762371
24062	9b0e23f0a1664ac8f49fd4338b9388d5	8ff4498866dea298cff487e36285ba21	27906c805d79b7cebe4d960e2a762371
24063	9b0e23f0a1664ac8f49fd4338b9388d5	8ff4498866dea298cff487e36285ba21	27906c805d79b7cebe4d960e2a762371
24064	9b0e23f0a1664ac8f49fd4338b9388d5	8ff4498866dea298cff487e36285ba21	27906c805d79b7cebe4d960e2a762371
24065	ce0c783e3f29434d01338b5fb7de257d	f1c610a4a68009fe0f3c7b3e65b98431	b545899e7df0e8dda247d036eb5f1023
24066	ce0c783e3f29434d01338b5fb7de257d	f1c610a4a68009fe0f3c7b3e65b98431	b545899e7df0e8dda247d036eb5f1023
24067	ce0c783e3f29434d01338b5fb7de257d	f1c610a4a68009fe0f3c7b3e65b98431	b545899e7df0e8dda247d036eb5f1023
24068	24521598275ffaac2518b31ca132ea57	f5616d5e9914c3e91472d0d4c8be241c	0ee6c54de7c29bb3a08dae4eeeedee97
24069	24521598275ffaac2518b31ca132ea57	f5616d5e9914c3e91472d0d4c8be241c	0ee6c54de7c29bb3a08dae4eeeedee97
24070	24521598275ffaac2518b31ca132ea57	f5616d5e9914c3e91472d0d4c8be241c	0ee6c54de7c29bb3a08dae4eeeedee97
24071	24521598275ffaac2518b31ca132ea57	f5616d5e9914c3e91472d0d4c8be241c	0ee6c54de7c29bb3a08dae4eeeedee97
24072	ceb813fb2a1b8bfa7be44a01cd50ac65	e3d16f24ac8ffa0b85e3cfbdc7088360	a0d2ce0184ed0ea870ab36d8fe5388ce
24073	ceb813fb2a1b8bfa7be44a01cd50ac65	e3d16f24ac8ffa0b85e3cfbdc7088360	a0d2ce0184ed0ea870ab36d8fe5388ce
24074	ceb813fb2a1b8bfa7be44a01cd50ac65	e3d16f24ac8ffa0b85e3cfbdc7088360	a0d2ce0184ed0ea870ab36d8fe5388ce
24075	ceb813fb2a1b8bfa7be44a01cd50ac65	e3d16f24ac8ffa0b85e3cfbdc7088360	a0d2ce0184ed0ea870ab36d8fe5388ce
24076	ceb813fb2a1b8bfa7be44a01cd50ac65	e3d16f24ac8ffa0b85e3cfbdc7088360	a0d2ce0184ed0ea870ab36d8fe5388ce
24077	7d1a03506cda7da64f0189512cf4fe62	15a0ad3f9710500929fc653f62ba2b2a	7c42f57615699786306f77b47cfa0b6f
24078	7d1a03506cda7da64f0189512cf4fe62	15a0ad3f9710500929fc653f62ba2b2a	7c42f57615699786306f77b47cfa0b6f
24079	7d1a03506cda7da64f0189512cf4fe62	15a0ad3f9710500929fc653f62ba2b2a	7c42f57615699786306f77b47cfa0b6f
24080	7d1a03506cda7da64f0189512cf4fe62	15a0ad3f9710500929fc653f62ba2b2a	7c42f57615699786306f77b47cfa0b6f
24081	7d1a03506cda7da64f0189512cf4fe62	15a0ad3f9710500929fc653f62ba2b2a	7c42f57615699786306f77b47cfa0b6f
24082	7d1a03506cda7da64f0189512cf4fe62	15a0ad3f9710500929fc653f62ba2b2a	7c42f57615699786306f77b47cfa0b6f
24083	7d1a03506cda7da64f0189512cf4fe62	15a0ad3f9710500929fc653f62ba2b2a	7c42f57615699786306f77b47cfa0b6f
24084	d1e5ac2c61c1687e9643614ec7583037	5d973b6c14c926cb848ac9c4c3bc1db0	c6f238c0c182ceadd8f749d666cafd03
24085	d1e5ac2c61c1687e9643614ec7583037	5d973b6c14c926cb848ac9c4c3bc1db0	c6f238c0c182ceadd8f749d666cafd03
24086	d1e5ac2c61c1687e9643614ec7583037	5d973b6c14c926cb848ac9c4c3bc1db0	c6f238c0c182ceadd8f749d666cafd03
24087	d1e5ac2c61c1687e9643614ec7583037	5d973b6c14c926cb848ac9c4c3bc1db0	c6f238c0c182ceadd8f749d666cafd03
24088	d1e5ac2c61c1687e9643614ec7583037	5d973b6c14c926cb848ac9c4c3bc1db0	c6f238c0c182ceadd8f749d666cafd03
24089	50d13887dd9cb2cffa5c16213ba0d1f8	8430f5f734af61f289d62f1f06b9d5f3	ac0d2a7447f34e348a2bd42ada2f38b9
24090	50d13887dd9cb2cffa5c16213ba0d1f8	8430f5f734af61f289d62f1f06b9d5f3	ac0d2a7447f34e348a2bd42ada2f38b9
24091	50d13887dd9cb2cffa5c16213ba0d1f8	8430f5f734af61f289d62f1f06b9d5f3	ac0d2a7447f34e348a2bd42ada2f38b9
24092	50d13887dd9cb2cffa5c16213ba0d1f8	8430f5f734af61f289d62f1f06b9d5f3	ac0d2a7447f34e348a2bd42ada2f38b9
24093	50d13887dd9cb2cffa5c16213ba0d1f8	8430f5f734af61f289d62f1f06b9d5f3	ac0d2a7447f34e348a2bd42ada2f38b9
24094	50d13887dd9cb2cffa5c16213ba0d1f8	8430f5f734af61f289d62f1f06b9d5f3	ac0d2a7447f34e348a2bd42ada2f38b9
24095	50d13887dd9cb2cffa5c16213ba0d1f8	8430f5f734af61f289d62f1f06b9d5f3	ac0d2a7447f34e348a2bd42ada2f38b9
24096	18f1465322f691b1cfb0afdffa6739db	c8a4d8b25145e03e33f7fa8fdb1323c3	ec3024102ee4443b41c1b58288e44769
24097	18f1465322f691b1cfb0afdffa6739db	c8a4d8b25145e03e33f7fa8fdb1323c3	ec3024102ee4443b41c1b58288e44769
24098	18f1465322f691b1cfb0afdffa6739db	c8a4d8b25145e03e33f7fa8fdb1323c3	ec3024102ee4443b41c1b58288e44769
24099	18f1465322f691b1cfb0afdffa6739db	c8a4d8b25145e03e33f7fa8fdb1323c3	ec3024102ee4443b41c1b58288e44769
24100	18f1465322f691b1cfb0afdffa6739db	c8a4d8b25145e03e33f7fa8fdb1323c3	ec3024102ee4443b41c1b58288e44769
24101	bb77c03f27f2cd24d90decfa69a9c5a5	3484b8987b1c3d1c6768f99dd26f0c6d	85bd81a9ff5b21dbe3aa4bff61930d35
24102	bb77c03f27f2cd24d90decfa69a9c5a5	3484b8987b1c3d1c6768f99dd26f0c6d	85bd81a9ff5b21dbe3aa4bff61930d35
24103	bb77c03f27f2cd24d90decfa69a9c5a5	3484b8987b1c3d1c6768f99dd26f0c6d	85bd81a9ff5b21dbe3aa4bff61930d35
24104	bb77c03f27f2cd24d90decfa69a9c5a5	3484b8987b1c3d1c6768f99dd26f0c6d	85bd81a9ff5b21dbe3aa4bff61930d35
24105	bb77c03f27f2cd24d90decfa69a9c5a5	3484b8987b1c3d1c6768f99dd26f0c6d	85bd81a9ff5b21dbe3aa4bff61930d35
24106	bcd9948c1d07b1b2b45d397995e277c1	924f1196fc78a0709480424c136b1707	ac98c11d69e1202a43ab40d85791e731
24107	bcd9948c1d07b1b2b45d397995e277c1	924f1196fc78a0709480424c136b1707	ac98c11d69e1202a43ab40d85791e731
24108	bcd9948c1d07b1b2b45d397995e277c1	924f1196fc78a0709480424c136b1707	ac98c11d69e1202a43ab40d85791e731
24109	bcd9948c1d07b1b2b45d397995e277c1	924f1196fc78a0709480424c136b1707	ac98c11d69e1202a43ab40d85791e731
24110	bcd9948c1d07b1b2b45d397995e277c1	924f1196fc78a0709480424c136b1707	ac98c11d69e1202a43ab40d85791e731
24111	bcd9948c1d07b1b2b45d397995e277c1	924f1196fc78a0709480424c136b1707	ac98c11d69e1202a43ab40d85791e731
24112	bcd9948c1d07b1b2b45d397995e277c1	924f1196fc78a0709480424c136b1707	ac98c11d69e1202a43ab40d85791e731
24113	04cb4b6983b013a6a933a67beab242c5	e891e3fdb9f4a700a043ea274e3fe403	3e13eb7e8bf2322c52a32c78f770448c
24114	04cb4b6983b013a6a933a67beab242c5	e891e3fdb9f4a700a043ea274e3fe403	3e13eb7e8bf2322c52a32c78f770448c
24115	04cb4b6983b013a6a933a67beab242c5	e891e3fdb9f4a700a043ea274e3fe403	3e13eb7e8bf2322c52a32c78f770448c
24116	04cb4b6983b013a6a933a67beab242c5	e891e3fdb9f4a700a043ea274e3fe403	3e13eb7e8bf2322c52a32c78f770448c
24117	04cb4b6983b013a6a933a67beab242c5	e891e3fdb9f4a700a043ea274e3fe403	3e13eb7e8bf2322c52a32c78f770448c
24118	43cca8ae891c57d3bb89cfbbaf6cb2ed	703ed73682de6ccd0fde7e8050425029	cd5f7317cede3e6ab0171a064d4e4986
24119	43cca8ae891c57d3bb89cfbbaf6cb2ed	703ed73682de6ccd0fde7e8050425029	cd5f7317cede3e6ab0171a064d4e4986
24120	43cca8ae891c57d3bb89cfbbaf6cb2ed	703ed73682de6ccd0fde7e8050425029	cd5f7317cede3e6ab0171a064d4e4986
24121	43cca8ae891c57d3bb89cfbbaf6cb2ed	703ed73682de6ccd0fde7e8050425029	cd5f7317cede3e6ab0171a064d4e4986
24122	43cca8ae891c57d3bb89cfbbaf6cb2ed	703ed73682de6ccd0fde7e8050425029	cd5f7317cede3e6ab0171a064d4e4986
24123	43cca8ae891c57d3bb89cfbbaf6cb2ed	703ed73682de6ccd0fde7e8050425029	cd5f7317cede3e6ab0171a064d4e4986
24124	43cca8ae891c57d3bb89cfbbaf6cb2ed	703ed73682de6ccd0fde7e8050425029	cd5f7317cede3e6ab0171a064d4e4986
24125	d53b4e699bf185012c2853de968afcdc	0abee15af1cc4d795b716a9e0d754490	b119386a8b8454ac335eea25688d0308
24126	c9b280795a7d76905cbd6087a3594643	0c476fd55b7131cdc388e5772f857654	268ce3e2a782369e0d95a5692e28fc94
24127	c9b280795a7d76905cbd6087a3594643	0c476fd55b7131cdc388e5772f857654	268ce3e2a782369e0d95a5692e28fc94
24128	c9b280795a7d76905cbd6087a3594643	0c476fd55b7131cdc388e5772f857654	268ce3e2a782369e0d95a5692e28fc94
24129	c9b280795a7d76905cbd6087a3594643	0c476fd55b7131cdc388e5772f857654	268ce3e2a782369e0d95a5692e28fc94
24130	c9b280795a7d76905cbd6087a3594643	0c476fd55b7131cdc388e5772f857654	268ce3e2a782369e0d95a5692e28fc94
24131	c9b280795a7d76905cbd6087a3594643	0c476fd55b7131cdc388e5772f857654	268ce3e2a782369e0d95a5692e28fc94
24132	c9b280795a7d76905cbd6087a3594643	0c476fd55b7131cdc388e5772f857654	268ce3e2a782369e0d95a5692e28fc94
24133	0d59f44007db1631ce3462315189fbbf	966b2f7153b474e98d419b7796013b69	96f67c644496490dcf0267076d0bb344
24134	bd2b3f0798193f93f40462a24e0f24b2	5b86cf6865e568fafe0d22e5305257a8	ddbef0b1fc35fc01606c2346861a5423
24135	a8f2dc33bccc76b95a94b05c629cca8a	2c5120912ee00d64aafcbd3fb8cecf62	c48c7afc314a901198e7b17b7c44e3e5
24136	a8f2dc33bccc76b95a94b05c629cca8a	2c5120912ee00d64aafcbd3fb8cecf62	c48c7afc314a901198e7b17b7c44e3e5
24137	a8f2dc33bccc76b95a94b05c629cca8a	2c5120912ee00d64aafcbd3fb8cecf62	c48c7afc314a901198e7b17b7c44e3e5
24138	a8f2dc33bccc76b95a94b05c629cca8a	2c5120912ee00d64aafcbd3fb8cecf62	c48c7afc314a901198e7b17b7c44e3e5
24139	a8f2dc33bccc76b95a94b05c629cca8a	2c5120912ee00d64aafcbd3fb8cecf62	c48c7afc314a901198e7b17b7c44e3e5
24140	a8f2dc33bccc76b95a94b05c629cca8a	2c5120912ee00d64aafcbd3fb8cecf62	c48c7afc314a901198e7b17b7c44e3e5
24141	a8f2dc33bccc76b95a94b05c629cca8a	2c5120912ee00d64aafcbd3fb8cecf62	c48c7afc314a901198e7b17b7c44e3e5
24142	ccd429a52e94e4c2676a1c23756c8fd0	454820126f69e91e7429af5d9f51a137	9d2b007437b8060fe5fa3243a732808a
24143	ccd429a52e94e4c2676a1c23756c8fd0	454820126f69e91e7429af5d9f51a137	9d2b007437b8060fe5fa3243a732808a
24144	ccd429a52e94e4c2676a1c23756c8fd0	454820126f69e91e7429af5d9f51a137	9d2b007437b8060fe5fa3243a732808a
24145	3a2adf7d016e3e7f50fc356d660dffa4	a36623003d28fb834206e26a81be248e	bd93b35f71f8cc4386dcadb12171c67e
24146	c804f456432d099542dc9c1af7b5c374	74850e9602b6357cee0bc786ac08ef51	e5355a16922fa2a43cbbb3786bc0655e
24147	b0172599e5af9ff89ebb5181e60e13b0	779b2c038bbd837adf06c5928df0c019	8d14eab8964f93ae600208e3a84b67f6
24148	b0172599e5af9ff89ebb5181e60e13b0	779b2c038bbd837adf06c5928df0c019	8d14eab8964f93ae600208e3a84b67f6
24149	b0172599e5af9ff89ebb5181e60e13b0	779b2c038bbd837adf06c5928df0c019	8d14eab8964f93ae600208e3a84b67f6
24150	b0172599e5af9ff89ebb5181e60e13b0	779b2c038bbd837adf06c5928df0c019	8d14eab8964f93ae600208e3a84b67f6
24151	b0172599e5af9ff89ebb5181e60e13b0	779b2c038bbd837adf06c5928df0c019	8d14eab8964f93ae600208e3a84b67f6
24152	b0172599e5af9ff89ebb5181e60e13b0	779b2c038bbd837adf06c5928df0c019	8d14eab8964f93ae600208e3a84b67f6
24153	b0172599e5af9ff89ebb5181e60e13b0	779b2c038bbd837adf06c5928df0c019	8d14eab8964f93ae600208e3a84b67f6
24154	fd55b80bda151d7641ab6375cf0f40cb	c2f03f24bb8f233fed76f22318215443	3ebaffdf50967ae5f4f62b002b11febb
24155	fd55b80bda151d7641ab6375cf0f40cb	c2f03f24bb8f233fed76f22318215443	3ebaffdf50967ae5f4f62b002b11febb
24156	53a2d1f80e46cbbc911545ea1c7c39eb	1dd345f0e0a4915379afdae8a3000faf	0dcb3e080e7467dfba89bf973593f412
24157	fd55b80bda151d7641ab6375cf0f40cb	c2f03f24bb8f233fed76f22318215443	3ebaffdf50967ae5f4f62b002b11febb
24158	fd55b80bda151d7641ab6375cf0f40cb	c2f03f24bb8f233fed76f22318215443	3ebaffdf50967ae5f4f62b002b11febb
24159	86ce6f8450c75b7e40eb88be043b0b9c	fec0c5786350474246ad6ff03fe93cf2	50757e9c9eb2cd42327958514b49e60c
24160	86ce6f8450c75b7e40eb88be043b0b9c	fec0c5786350474246ad6ff03fe93cf2	50757e9c9eb2cd42327958514b49e60c
24161	86ce6f8450c75b7e40eb88be043b0b9c	fec0c5786350474246ad6ff03fe93cf2	50757e9c9eb2cd42327958514b49e60c
24162	86ce6f8450c75b7e40eb88be043b0b9c	fec0c5786350474246ad6ff03fe93cf2	50757e9c9eb2cd42327958514b49e60c
24163	86ce6f8450c75b7e40eb88be043b0b9c	fec0c5786350474246ad6ff03fe93cf2	50757e9c9eb2cd42327958514b49e60c
24164	86ce6f8450c75b7e40eb88be043b0b9c	fec0c5786350474246ad6ff03fe93cf2	50757e9c9eb2cd42327958514b49e60c
24165	86ce6f8450c75b7e40eb88be043b0b9c	fec0c5786350474246ad6ff03fe93cf2	50757e9c9eb2cd42327958514b49e60c
24166	851d193f20fd40eea3b5ccc51c18ebe5	7ca737441d3666073a59c7e09ae1b34e	030bc444f4eb9dd03a74c6e1c74c6787
24167	851d193f20fd40eea3b5ccc51c18ebe5	7ca737441d3666073a59c7e09ae1b34e	030bc444f4eb9dd03a74c6e1c74c6787
24168	851d193f20fd40eea3b5ccc51c18ebe5	7ca737441d3666073a59c7e09ae1b34e	030bc444f4eb9dd03a74c6e1c74c6787
24169	851d193f20fd40eea3b5ccc51c18ebe5	7ca737441d3666073a59c7e09ae1b34e	030bc444f4eb9dd03a74c6e1c74c6787
24170	851d193f20fd40eea3b5ccc51c18ebe5	7ca737441d3666073a59c7e09ae1b34e	030bc444f4eb9dd03a74c6e1c74c6787
24171	851d193f20fd40eea3b5ccc51c18ebe5	7ca737441d3666073a59c7e09ae1b34e	030bc444f4eb9dd03a74c6e1c74c6787
24172	851d193f20fd40eea3b5ccc51c18ebe5	7ca737441d3666073a59c7e09ae1b34e	030bc444f4eb9dd03a74c6e1c74c6787
24173	851d193f20fd40eea3b5ccc51c18ebe5	7ca737441d3666073a59c7e09ae1b34e	030bc444f4eb9dd03a74c6e1c74c6787
24174	851d193f20fd40eea3b5ccc51c18ebe5	7ca737441d3666073a59c7e09ae1b34e	030bc444f4eb9dd03a74c6e1c74c6787
24175	851d193f20fd40eea3b5ccc51c18ebe5	7ca737441d3666073a59c7e09ae1b34e	030bc444f4eb9dd03a74c6e1c74c6787
24176	0b0b34a207969c3fad039acc74ca1f3e	d008879236a0ffc0752cbbd45751fb2b	742aceb509aae47d7e6ffd5d5b90facd
24177	0b0b34a207969c3fad039acc74ca1f3e	d008879236a0ffc0752cbbd45751fb2b	742aceb509aae47d7e6ffd5d5b90facd
24178	0b0b34a207969c3fad039acc74ca1f3e	d008879236a0ffc0752cbbd45751fb2b	742aceb509aae47d7e6ffd5d5b90facd
24179	0b0b34a207969c3fad039acc74ca1f3e	d008879236a0ffc0752cbbd45751fb2b	742aceb509aae47d7e6ffd5d5b90facd
24180	0b0b34a207969c3fad039acc74ca1f3e	d008879236a0ffc0752cbbd45751fb2b	742aceb509aae47d7e6ffd5d5b90facd
24181	0b0b34a207969c3fad039acc74ca1f3e	d008879236a0ffc0752cbbd45751fb2b	742aceb509aae47d7e6ffd5d5b90facd
24182	0b0b34a207969c3fad039acc74ca1f3e	d008879236a0ffc0752cbbd45751fb2b	742aceb509aae47d7e6ffd5d5b90facd
24183	cb03cb217ea2f96da0b76c0af254faad	6fbc90fa4a3f22da8391e9b0b4fe92b0	b971935bb2053977ca54ee9bdbb6315e
24184	cb03cb217ea2f96da0b76c0af254faad	6fbc90fa4a3f22da8391e9b0b4fe92b0	b971935bb2053977ca54ee9bdbb6315e
24185	cb03cb217ea2f96da0b76c0af254faad	6fbc90fa4a3f22da8391e9b0b4fe92b0	b971935bb2053977ca54ee9bdbb6315e
24186	54e53e5a62b7313b776b36a72c3caeb3	5ef6510ebc2aa5615fe66ff30cc87ac1	23e2f291306cb6431e06967238011f64
24187	54e53e5a62b7313b776b36a72c3caeb3	5ef6510ebc2aa5615fe66ff30cc87ac1	23e2f291306cb6431e06967238011f64
24188	5830a1ecaa6a9eb9f8cbe545ff4de61d	3133c0cd47defd5444a9b9199bd542e6	fee021d3c5767a4b5d19addf29e2443a
24189	5830a1ecaa6a9eb9f8cbe545ff4de61d	3133c0cd47defd5444a9b9199bd542e6	fee021d3c5767a4b5d19addf29e2443a
24190	5830a1ecaa6a9eb9f8cbe545ff4de61d	3133c0cd47defd5444a9b9199bd542e6	fee021d3c5767a4b5d19addf29e2443a
24191	a949949cf10002efa1822b5fb23eba2c	471a20a87495ea93241ced17f63f710a	2c907010d2738ed7209deb9f2465c0fa
24192	a949949cf10002efa1822b5fb23eba2c	471a20a87495ea93241ced17f63f710a	2c907010d2738ed7209deb9f2465c0fa
24193	5830a1ecaa6a9eb9f8cbe545ff4de61d	3133c0cd47defd5444a9b9199bd542e6	fee021d3c5767a4b5d19addf29e2443a
24194	5830a1ecaa6a9eb9f8cbe545ff4de61d	3133c0cd47defd5444a9b9199bd542e6	fee021d3c5767a4b5d19addf29e2443a
24195	a949949cf10002efa1822b5fb23eba2c	471a20a87495ea93241ced17f63f710a	2c907010d2738ed7209deb9f2465c0fa
24196	a949949cf10002efa1822b5fb23eba2c	471a20a87495ea93241ced17f63f710a	2c907010d2738ed7209deb9f2465c0fa
24197	a949949cf10002efa1822b5fb23eba2c	471a20a87495ea93241ced17f63f710a	2c907010d2738ed7209deb9f2465c0fa
24198	649c34f5f26cd4429666a1f4fc58696e	7faf7383026be5c2da97d015c0c93836	caee9cb31b43759e4e7d2d564fa6481f
24199	70096a1f34a3b98a4c35f2c8a4425f21	9a23c2d4c27cef1b6892ce5eceb4367c	4eb1af926b06438d03ff91b1a5e672fc
24200	1cb51eab41b8ee52cf5c5adabe66f8e6	2ec408948f8c16022789eb1c2c1a907f	689a80f2cd0ee5abf70bc367bc62fd3e
24201	1cb51eab41b8ee52cf5c5adabe66f8e6	2ec408948f8c16022789eb1c2c1a907f	689a80f2cd0ee5abf70bc367bc62fd3e
24202	1cb51eab41b8ee52cf5c5adabe66f8e6	2ec408948f8c16022789eb1c2c1a907f	689a80f2cd0ee5abf70bc367bc62fd3e
24203	1cb51eab41b8ee52cf5c5adabe66f8e6	2ec408948f8c16022789eb1c2c1a907f	689a80f2cd0ee5abf70bc367bc62fd3e
24204	1cb51eab41b8ee52cf5c5adabe66f8e6	2ec408948f8c16022789eb1c2c1a907f	689a80f2cd0ee5abf70bc367bc62fd3e
24205	25fdf6cf19c56bc98774586981a0183f	d4717d2e1783981f56c21b3f3acfe156	b23e26263a816a926d9a05da11385afb
24206	25fdf6cf19c56bc98774586981a0183f	d4717d2e1783981f56c21b3f3acfe156	b23e26263a816a926d9a05da11385afb
24207	25fdf6cf19c56bc98774586981a0183f	d4717d2e1783981f56c21b3f3acfe156	b23e26263a816a926d9a05da11385afb
24208	f95173d6f451f83029fe8a99dc4bece0	f812ab40147b3b88753fb329fba99582	665db41806a749baa2fff2255f61ad5e
24209	f95173d6f451f83029fe8a99dc4bece0	f812ab40147b3b88753fb329fba99582	665db41806a749baa2fff2255f61ad5e
24210	f95173d6f451f83029fe8a99dc4bece0	f812ab40147b3b88753fb329fba99582	665db41806a749baa2fff2255f61ad5e
24211	f95173d6f451f83029fe8a99dc4bece0	f812ab40147b3b88753fb329fba99582	665db41806a749baa2fff2255f61ad5e
24212	8bc06334d9e56c4cb417d32dd31eec93	ab1668e737005cdf4a802b8b38217d20	939fdcb8e9c54852b300a9b7da402eb9
24213	8bc06334d9e56c4cb417d32dd31eec93	ab1668e737005cdf4a802b8b38217d20	939fdcb8e9c54852b300a9b7da402eb9
24214	8bc06334d9e56c4cb417d32dd31eec93	ab1668e737005cdf4a802b8b38217d20	939fdcb8e9c54852b300a9b7da402eb9
24215	8bc06334d9e56c4cb417d32dd31eec93	ab1668e737005cdf4a802b8b38217d20	939fdcb8e9c54852b300a9b7da402eb9
24216	255ea081afae3168ae23d517ea8264b4	da8748d567be8a732c38872d28f7e988	82c32c07ccb72fa18087a5295a3d3a16
24217	a2e018400b0709920d78ac668a0a7b31	f5df10d55821e06d6a1ccec1d78db0ea	dff2834b9f545353b0ca7fc17923105a
24218	a2e018400b0709920d78ac668a0a7b31	f5df10d55821e06d6a1ccec1d78db0ea	dff2834b9f545353b0ca7fc17923105a
24219	a2e018400b0709920d78ac668a0a7b31	f5df10d55821e06d6a1ccec1d78db0ea	dff2834b9f545353b0ca7fc17923105a
24220	a2e018400b0709920d78ac668a0a7b31	f5df10d55821e06d6a1ccec1d78db0ea	dff2834b9f545353b0ca7fc17923105a
24221	a2e018400b0709920d78ac668a0a7b31	f5df10d55821e06d6a1ccec1d78db0ea	dff2834b9f545353b0ca7fc17923105a
24222	a2e018400b0709920d78ac668a0a7b31	f5df10d55821e06d6a1ccec1d78db0ea	dff2834b9f545353b0ca7fc17923105a
24223	a2e018400b0709920d78ac668a0a7b31	f5df10d55821e06d6a1ccec1d78db0ea	dff2834b9f545353b0ca7fc17923105a
24224	411aec53d9162a23db5f7242fa548c1b	37a30d54a85616591ba2f35e616e2968	40ddff2a416ac10f8fa6f512a39517b9
24225	411aec53d9162a23db5f7242fa548c1b	37a30d54a85616591ba2f35e616e2968	40ddff2a416ac10f8fa6f512a39517b9
24226	411aec53d9162a23db5f7242fa548c1b	37a30d54a85616591ba2f35e616e2968	40ddff2a416ac10f8fa6f512a39517b9
24227	b68915019cc4af7da5c9b76006f2a714	67f597f67032a14c691f9eda89aeb1e8	15c01d717617284caa84c6390478177d
24228	411aec53d9162a23db5f7242fa548c1b	37a30d54a85616591ba2f35e616e2968	40ddff2a416ac10f8fa6f512a39517b9
24229	05623186a802a3d50084987423ca361c	a23df43f3058a601cce378c39eef1d51	0fad3582393b4b0455e08f7b49043d64
24230	05623186a802a3d50084987423ca361c	a23df43f3058a601cce378c39eef1d51	0fad3582393b4b0455e08f7b49043d64
24231	05623186a802a3d50084987423ca361c	a23df43f3058a601cce378c39eef1d51	0fad3582393b4b0455e08f7b49043d64
24232	05623186a802a3d50084987423ca361c	a23df43f3058a601cce378c39eef1d51	0fad3582393b4b0455e08f7b49043d64
24233	05623186a802a3d50084987423ca361c	a23df43f3058a601cce378c39eef1d51	0fad3582393b4b0455e08f7b49043d64
24234	05623186a802a3d50084987423ca361c	a23df43f3058a601cce378c39eef1d51	0fad3582393b4b0455e08f7b49043d64
24235	05623186a802a3d50084987423ca361c	a23df43f3058a601cce378c39eef1d51	0fad3582393b4b0455e08f7b49043d64
24236	eaaf08d494064a7c60c817636daddb35	dc0bce136c9ff4e4cd923c0b9eb08880	689a92c6d2ad970a3f547aa9d7ecaf58
24237	eaaf08d494064a7c60c817636daddb35	dc0bce136c9ff4e4cd923c0b9eb08880	689a92c6d2ad970a3f547aa9d7ecaf58
24238	eaaf08d494064a7c60c817636daddb35	dc0bce136c9ff4e4cd923c0b9eb08880	689a92c6d2ad970a3f547aa9d7ecaf58
24239	eaaf08d494064a7c60c817636daddb35	dc0bce136c9ff4e4cd923c0b9eb08880	689a92c6d2ad970a3f547aa9d7ecaf58
24240	eaaf08d494064a7c60c817636daddb35	dc0bce136c9ff4e4cd923c0b9eb08880	689a92c6d2ad970a3f547aa9d7ecaf58
24241	2f3851ceb5dba911349a6a104781b314	9bba92689cc1e1a066d6d76e203e62d9	88f3d173b416d0be1bfca03cd1157221
24242	2f3851ceb5dba911349a6a104781b314	9bba92689cc1e1a066d6d76e203e62d9	88f3d173b416d0be1bfca03cd1157221
24243	2f3851ceb5dba911349a6a104781b314	9bba92689cc1e1a066d6d76e203e62d9	88f3d173b416d0be1bfca03cd1157221
24244	2f3851ceb5dba911349a6a104781b314	9bba92689cc1e1a066d6d76e203e62d9	88f3d173b416d0be1bfca03cd1157221
24245	2f3851ceb5dba911349a6a104781b314	9bba92689cc1e1a066d6d76e203e62d9	88f3d173b416d0be1bfca03cd1157221
24246	47d72a7c07064f9e06d790e254d349f0	abfb15e78595d6400e012ecd699dafcb	12837b06af0834224c5576bbbe3334c2
24247	47d72a7c07064f9e06d790e254d349f0	abfb15e78595d6400e012ecd699dafcb	12837b06af0834224c5576bbbe3334c2
24248	2d27898adb4c81a8a7546963d5f2fbb4	9b609ab30b040b490ea749e4936d05ef	21889e0b5861f5e790ead3f14f4ef1a7
24249	3e81acc8c0c45b27dd730e0fdb60870b	2c5128440bd430d586da645f799e61ac	9e250bbdc5b067d2713479617f1efbb5
24250	3e81acc8c0c45b27dd730e0fdb60870b	2c5128440bd430d586da645f799e61ac	9e250bbdc5b067d2713479617f1efbb5
24251	a49b3262dfdef46f718e281ec9ac6115	9e4765656bd2e38219c40744ad9a52ba	a17cf9e818c3be4171bad67198c9a4b0
24252	a49b3262dfdef46f718e281ec9ac6115	9e4765656bd2e38219c40744ad9a52ba	a17cf9e818c3be4171bad67198c9a4b0
24253	fdec3d98c3ac53e4da95becbeab7d7f2	75d4fe8930df6aa104e4ed0548ca36b0	321da008c9c96652784f8eebd2063f0b
24254	fdec3d98c3ac53e4da95becbeab7d7f2	75d4fe8930df6aa104e4ed0548ca36b0	321da008c9c96652784f8eebd2063f0b
24255	fdec3d98c3ac53e4da95becbeab7d7f2	75d4fe8930df6aa104e4ed0548ca36b0	321da008c9c96652784f8eebd2063f0b
24256	fdec3d98c3ac53e4da95becbeab7d7f2	75d4fe8930df6aa104e4ed0548ca36b0	321da008c9c96652784f8eebd2063f0b
24257	fdec3d98c3ac53e4da95becbeab7d7f2	75d4fe8930df6aa104e4ed0548ca36b0	321da008c9c96652784f8eebd2063f0b
24258	ff9804b8438a57b44e8159b1db2d0a04	dbeaa4689e035d09795c42f960faa145	da394086eee32ee3c501d0c0d7e3e0bc
24259	ff9804b8438a57b44e8159b1db2d0a04	dbeaa4689e035d09795c42f960faa145	da394086eee32ee3c501d0c0d7e3e0bc
24260	ff9804b8438a57b44e8159b1db2d0a04	dbeaa4689e035d09795c42f960faa145	da394086eee32ee3c501d0c0d7e3e0bc
24261	ff9804b8438a57b44e8159b1db2d0a04	dbeaa4689e035d09795c42f960faa145	da394086eee32ee3c501d0c0d7e3e0bc
24262	ff9804b8438a57b44e8159b1db2d0a04	dbeaa4689e035d09795c42f960faa145	da394086eee32ee3c501d0c0d7e3e0bc
24263	ff9804b8438a57b44e8159b1db2d0a04	dbeaa4689e035d09795c42f960faa145	da394086eee32ee3c501d0c0d7e3e0bc
24264	ff9804b8438a57b44e8159b1db2d0a04	dbeaa4689e035d09795c42f960faa145	da394086eee32ee3c501d0c0d7e3e0bc
24265	0a29f661e58d23c19f9c5640b49398eb	8ce92e62c42cc74e42e3f11fe7504a9e	d18327ddc655a0f323f23bc428e66e3c
24266	0a29f661e58d23c19f9c5640b49398eb	8ce92e62c42cc74e42e3f11fe7504a9e	d18327ddc655a0f323f23bc428e66e3c
24267	0a29f661e58d23c19f9c5640b49398eb	8ce92e62c42cc74e42e3f11fe7504a9e	d18327ddc655a0f323f23bc428e66e3c
24268	0a29f661e58d23c19f9c5640b49398eb	8ce92e62c42cc74e42e3f11fe7504a9e	d18327ddc655a0f323f23bc428e66e3c
24269	de48b52b063e461f88a0f961c06206fd	af2b8e502e2fd8b605fab828b26bd8c0	27b6739327ac33ff9a487dbb60cef799
24270	0a29f661e58d23c19f9c5640b49398eb	8ce92e62c42cc74e42e3f11fe7504a9e	d18327ddc655a0f323f23bc428e66e3c
24271	0a29f661e58d23c19f9c5640b49398eb	8ce92e62c42cc74e42e3f11fe7504a9e	d18327ddc655a0f323f23bc428e66e3c
24272	0a29f661e58d23c19f9c5640b49398eb	8ce92e62c42cc74e42e3f11fe7504a9e	d18327ddc655a0f323f23bc428e66e3c
24273	ced85342c95371d8d17f2691a36eb53c	98d2263712a7d74c49dfb67ba7fd07e4	e6fefd9f11e700f44a18ae256ac99a7e
24274	f64b7e4d0db9c1f25abd2e3faf108123	f620d8d1958fab60136235524dd49052	24358efc27f0b445413256eda27d6f5c
24275	6f6bca5097c4ab7923a2a351a4fe5d7b	f025d55c87fbd562ad5baae33a15274a	232a679e1bea78fff940df4c7108acfe
24276	6f6bca5097c4ab7923a2a351a4fe5d7b	f025d55c87fbd562ad5baae33a15274a	232a679e1bea78fff940df4c7108acfe
24277	6f6bca5097c4ab7923a2a351a4fe5d7b	f025d55c87fbd562ad5baae33a15274a	232a679e1bea78fff940df4c7108acfe
24278	6f6bca5097c4ab7923a2a351a4fe5d7b	f025d55c87fbd562ad5baae33a15274a	232a679e1bea78fff940df4c7108acfe
24279	6f6bca5097c4ab7923a2a351a4fe5d7b	f025d55c87fbd562ad5baae33a15274a	232a679e1bea78fff940df4c7108acfe
24280	6f6bca5097c4ab7923a2a351a4fe5d7b	f025d55c87fbd562ad5baae33a15274a	232a679e1bea78fff940df4c7108acfe
24281	6f6bca5097c4ab7923a2a351a4fe5d7b	f025d55c87fbd562ad5baae33a15274a	232a679e1bea78fff940df4c7108acfe
24282	c704e7f73e8a8607e78a5a17e780c7ec	281576675317bf81263af4233a1b85df	d2414f581f76ba12a17b662ec56de71f
24283	c704e7f73e8a8607e78a5a17e780c7ec	281576675317bf81263af4233a1b85df	d2414f581f76ba12a17b662ec56de71f
24284	c704e7f73e8a8607e78a5a17e780c7ec	281576675317bf81263af4233a1b85df	d2414f581f76ba12a17b662ec56de71f
24285	c704e7f73e8a8607e78a5a17e780c7ec	281576675317bf81263af4233a1b85df	d2414f581f76ba12a17b662ec56de71f
24286	c704e7f73e8a8607e78a5a17e780c7ec	281576675317bf81263af4233a1b85df	d2414f581f76ba12a17b662ec56de71f
24287	dea337b8b860887505651b24070382a9	59cebf220e643a5834625533795c53a8	c2f9efcbd282cb6cf84962bc372062ef
24288	dea337b8b860887505651b24070382a9	59cebf220e643a5834625533795c53a8	c2f9efcbd282cb6cf84962bc372062ef
24289	dea337b8b860887505651b24070382a9	59cebf220e643a5834625533795c53a8	c2f9efcbd282cb6cf84962bc372062ef
24290	dea337b8b860887505651b24070382a9	59cebf220e643a5834625533795c53a8	c2f9efcbd282cb6cf84962bc372062ef
24291	dea337b8b860887505651b24070382a9	59cebf220e643a5834625533795c53a8	c2f9efcbd282cb6cf84962bc372062ef
24292	dea337b8b860887505651b24070382a9	59cebf220e643a5834625533795c53a8	c2f9efcbd282cb6cf84962bc372062ef
24293	dea337b8b860887505651b24070382a9	59cebf220e643a5834625533795c53a8	c2f9efcbd282cb6cf84962bc372062ef
24294	dea337b8b860887505651b24070382a9	59cebf220e643a5834625533795c53a8	c2f9efcbd282cb6cf84962bc372062ef
24295	dea337b8b860887505651b24070382a9	59cebf220e643a5834625533795c53a8	c2f9efcbd282cb6cf84962bc372062ef
24296	dea337b8b860887505651b24070382a9	59cebf220e643a5834625533795c53a8	c2f9efcbd282cb6cf84962bc372062ef
24297	dea337b8b860887505651b24070382a9	59cebf220e643a5834625533795c53a8	c2f9efcbd282cb6cf84962bc372062ef
24298	dea337b8b860887505651b24070382a9	59cebf220e643a5834625533795c53a8	c2f9efcbd282cb6cf84962bc372062ef
24299	dea337b8b860887505651b24070382a9	59cebf220e643a5834625533795c53a8	c2f9efcbd282cb6cf84962bc372062ef
24300	dea337b8b860887505651b24070382a9	59cebf220e643a5834625533795c53a8	c2f9efcbd282cb6cf84962bc372062ef
24301	dea337b8b860887505651b24070382a9	59cebf220e643a5834625533795c53a8	c2f9efcbd282cb6cf84962bc372062ef
24302	dea337b8b860887505651b24070382a9	59cebf220e643a5834625533795c53a8	c2f9efcbd282cb6cf84962bc372062ef
24303	3595662967c208afc3c50b0f14c53623	3e06a8839096a00cc031fe12f4f69171	ad9bfcdabca91d26a02730ec29773caf
24304	542cfa0728fda9a869a4ba258278e938	a4c69f1635a9b0ac1b2729c2ce9263f7	4f8feff43bbd9244bd5058cfcc7885cd
24305	542cfa0728fda9a869a4ba258278e938	a4c69f1635a9b0ac1b2729c2ce9263f7	4f8feff43bbd9244bd5058cfcc7885cd
24306	542cfa0728fda9a869a4ba258278e938	a4c69f1635a9b0ac1b2729c2ce9263f7	4f8feff43bbd9244bd5058cfcc7885cd
24307	542cfa0728fda9a869a4ba258278e938	a4c69f1635a9b0ac1b2729c2ce9263f7	4f8feff43bbd9244bd5058cfcc7885cd
24308	542cfa0728fda9a869a4ba258278e938	a4c69f1635a9b0ac1b2729c2ce9263f7	4f8feff43bbd9244bd5058cfcc7885cd
24309	542cfa0728fda9a869a4ba258278e938	a4c69f1635a9b0ac1b2729c2ce9263f7	4f8feff43bbd9244bd5058cfcc7885cd
24310	542cfa0728fda9a869a4ba258278e938	a4c69f1635a9b0ac1b2729c2ce9263f7	4f8feff43bbd9244bd5058cfcc7885cd
24311	9372037642eca0b945ef2f49293bd9f9	9448b56092612a0adb814aab5b3b2443	51dd6036a9b61439a2a3c27e7545847b
24312	ab92df9d3942f493e0c2a7c57f8cad0e	f4bc08cc805e41401cfa2e123d57a10d	e66ddc53520af0fd5d023425f8a059d9
24313	ab92df9d3942f493e0c2a7c57f8cad0e	f4bc08cc805e41401cfa2e123d57a10d	e66ddc53520af0fd5d023425f8a059d9
24314	18d5023e5e46c78bf57fea9f78ec8f49	f88ec70b19ab6fbef8e7160d565c3f29	d214ee0bd94a17942a533a158c52e014
24315